ID,Score
0,4.0
1,4.0
2,4.0
3,2.0
4,3.0
5,4.0
6,4.0
7,3.0
8,5.0
9,3.0
10,3.0
11,4.0
12,4.0
13,5.0
14,4.0
15,4.0
16,3.0
17,3.0
18,3.0
19,4.0
20,4.0
21,3.0
22,4.0
23,5.0
24,4.0
25,5.0
26,4.0
27,4.0
28,4.0
29,4.0
30,5.0
31,4.0
32,4.0
33,4.0
34,4.0
35,3.0
36,4.0
37,4.0
38,4.0
39,4.0
40,3.0
41,4.0
42,4.0
43,4.0
44,5.0
45,4.0
46,3.0
47,5.0
48,4.0
49,4.0
50,4.0
51,4.0
52,4.0
53,4.0
54,4.0
55,4.0
56,4.0
57,4.0
58,3.0
59,4.0
60,4.0
61,4.0
62,5.0
63,4.0
64,4.0
65,4.0
66,4.0
67,2.0
68,4.0
69,3.0
70,3.0
71,4.0
72,4.0
73,4.0
74,4.0
75,4.0
76,4.0
77,5.0
78,4.0
79,4.0
80,4.0
81,4.0
82,4.0
83,3.0
84,4.0
85,2.0
86,3.0
87,3.0
88,3.0
89,2.0
90,2.0
91,3.0
92,3.0
93,3.0
94,4.0
95,4.0
96,5.0
97,4.0
98,4.0
99,3.0
100,4.0
101,4.0
102,3.0
103,4.0
104,4.0
105,4.0
106,4.0
107,4.0
108,4.0
109,3.0
110,3.0
111,3.0
112,3.0
113,3.0
114,1.0
115,2.0
116,1.0
117,2.0
118,2.0
119,2.0
120,2.0
121,2.0
122,4.0
123,3.0
124,3.0
125,3.0
126,3.0
127,3.0
128,3.0
129,3.0
130,3.0
131,3.0
132,3.0
133,3.0
134,3.0
135,3.0
136,3.0
137,2.0
138,3.0
139,2.0
140,4.0
141,4.0
142,5.0
143,4.0
144,4.0
145,3.0
146,4.0
147,4.0
148,4.0
149,4.0
150,4.0
151,5.0
152,4.0
153,4.0
154,5.0
155,5.0
156,4.0
157,4.0
158,4.0
159,4.0
160,4.0
161,4.0
162,4.0
163,3.0
164,2.0
165,3.0
166,3.0
167,4.0
168,2.0
169,1.0
170,1.0
171,2.0
172,2.0
173,2.0
174,3.0
175,2.0
176,2.0
177,2.0
178,2.0
179,2.0
180,3.0
181,3.0
182,2.0
183,3.0
184,3.0
185,3.0
186,3.0
187,3.0
188,2.0
189,3.0
190,3.0
191,3.0
192,5.0
193,3.0
194,4.0
195,3.0
196,4.0
197,5.0
198,4.0
199,4.0
200,4.0
201,3.0
202,3.0
203,3.0
204,3.0
205,4.0
206,4.0
207,3.0
208,3.0
209,3.0
210,3.0
211,3.0
212,3.0
213,2.0
214,4.0
215,4.0
216,5.0
217,4.0
218,4.0
219,4.0
220,4.0
221,4.0
222,4.0
223,4.0
224,4.0
225,5.0
226,3.0
227,4.0
228,5.0
229,4.0
230,4.0
231,4.0
232,5.0
233,4.0
234,5.0
235,4.0
236,4.0
237,3.0
238,4.0
239,4.0
240,4.0
241,4.0
242,4.0
243,4.0
244,3.0
245,4.0
246,4.0
247,4.0
248,4.0
249,4.0
250,4.0
251,4.0
252,4.0
253,4.0
254,4.0
255,3.0
256,5.0
257,4.0
258,4.0
259,5.0
260,5.0
261,4.0
262,5.0
263,4.0
264,4.0
265,4.0
266,3.0
267,4.0
268,3.0
269,5.0
270,4.0
271,4.0
272,3.0
273,4.0
274,5.0
275,4.0
276,4.0
277,4.0
278,4.0
279,3.0
280,3.0
281,4.0
282,4.0
283,4.0
284,3.0
285,3.0
286,3.0
287,4.0
288,4.0
289,3.0
290,5.0
291,4.0
292,5.0
293,4.0
294,3.0
295,4.0
296,4.0
297,4.0
298,4.0
299,4.0
300,4.0
301,5.0
302,4.0
303,4.0
304,4.0
305,5.0
306,4.0
307,4.0
308,4.0
309,4.0
310,4.0
311,4.0
312,4.0
313,4.0
314,4.0
315,4.0
316,5.0
317,4.0
318,4.0
319,5.0
320,4.0
321,4.0
322,4.0
323,4.0
324,4.0
325,4.0
326,3.0
327,4.0
328,4.0
329,4.0
330,4.0
331,5.0
332,4.0
333,4.0
334,4.0
335,4.0
336,5.0
337,4.0
338,4.0
339,4.0
340,3.0
341,4.0
342,5.0
343,4.0
344,4.0
345,3.0
346,3.0
347,3.0
348,3.0
349,2.0
350,4.0
351,4.0
352,4.0
353,4.0
354,4.0
355,4.0
356,4.0
357,4.0
358,4.0
359,4.0
360,5.0
361,4.0
362,4.0
363,4.0
364,4.0
365,5.0
366,4.0
367,3.0
368,5.0
369,3.0
370,4.0
371,5.0
372,4.0
373,4.0
374,4.0
375,4.0
376,5.0
377,4.0
378,4.0
379,4.0
380,4.0
381,4.0
382,4.0
383,4.0
384,4.0
385,5.0
386,4.0
387,4.0
388,3.0
389,4.0
390,3.0
391,4.0
392,4.0
393,4.0
394,2.0
395,2.0
396,2.0
397,3.0
398,3.0
399,3.0
400,4.0
401,4.0
402,3.0
403,4.0
404,4.0
405,3.0
406,4.0
407,4.0
408,4.0
409,4.0
410,4.0
411,4.0
412,4.0
413,4.0
414,3.0
415,4.0
416,3.0
417,5.0
418,4.0
419,5.0
420,5.0
421,4.0
422,4.0
423,4.0
424,4.0
425,4.0
426,3.0
427,4.0
428,5.0
429,4.0
430,5.0
431,4.0
432,4.0
433,4.0
434,5.0
435,4.0
436,4.0
437,3.0
438,4.0
439,5.0
440,3.0
441,3.0
442,3.0
443,3.0
444,3.0
445,3.0
446,4.0
447,5.0
448,5.0
449,4.0
450,4.0
451,3.0
452,4.0
453,4.0
454,4.0
455,3.0
456,4.0
457,4.0
458,4.0
459,5.0
460,4.0
461,3.0
462,4.0
463,4.0
464,4.0
465,4.0
466,5.0
467,3.0
468,5.0
469,4.0
470,4.0
471,5.0
472,4.0
473,4.0
474,4.0
475,4.0
476,4.0
477,3.0
478,2.0
479,4.0
480,5.0
481,5.0
482,4.0
483,5.0
484,4.0
485,4.0
486,4.0
487,3.0
488,2.0
489,3.0
490,4.0
491,2.0
492,2.0
493,2.0
494,3.0
495,2.0
496,3.0
497,3.0
498,4.0
499,4.0
500,4.0
501,4.0
502,4.0
503,4.0
504,4.0
505,3.0
506,4.0
507,4.0
508,4.0
509,4.0
510,4.0
511,4.0
512,3.0
513,4.0
514,4.0
515,4.0
516,3.0
517,4.0
518,4.0
519,4.0
520,5.0
521,4.0
522,4.0
523,5.0
524,4.0
525,4.0
526,4.0
527,4.0
528,4.0
529,4.0
530,4.0
531,5.0
532,4.0
533,3.0
534,3.0
535,2.0
536,3.0
537,3.0
538,2.0
539,3.0
540,2.0
541,2.0
542,2.0
543,2.0
544,3.0
545,4.0
546,4.0
547,4.0
548,3.0
549,3.0
550,3.0
551,4.0
552,3.0
553,4.0
554,5.0
555,4.0
556,4.0
557,4.0
558,4.0
559,4.0
560,5.0
561,5.0
562,4.0
563,4.0
564,3.0
565,4.0
566,5.0
567,4.0
568,4.0
569,4.0
570,4.0
571,4.0
572,4.0
573,4.0
574,4.0
575,3.0
576,4.0
577,4.0
578,4.0
579,4.0
580,4.0
581,4.0
582,5.0
583,4.0
584,4.0
585,4.0
586,4.0
587,4.0
588,4.0
589,4.0
590,4.0
591,4.0
592,3.0
593,4.0
594,4.0
595,4.0
596,4.0
597,4.0
598,4.0
599,4.0
600,5.0
601,5.0
602,3.0
603,4.0
604,4.0
605,4.0
606,4.0
607,4.0
608,4.0
609,3.0
610,4.0
611,3.0
612,3.0
613,3.0
614,4.0
615,4.0
616,4.0
617,3.0
618,4.0
619,4.0
620,4.0
621,5.0
622,4.0
623,4.0
624,4.0
625,4.0
626,4.0
627,4.0
628,3.0
629,5.0
630,4.0
631,5.0
632,4.0
633,4.0
634,4.0
635,4.0
636,4.0
637,4.0
638,4.0
639,4.0
640,5.0
641,4.0
642,5.0
643,4.0
644,4.0
645,3.0
646,4.0
647,5.0
648,4.0
649,3.0
650,3.0
651,4.0
652,3.0
653,3.0
654,3.0
655,3.0
656,4.0
657,3.0
658,3.0
659,3.0
660,3.0
661,3.0
662,3.0
663,3.0
664,3.0
665,4.0
666,3.0
667,3.0
668,4.0
669,4.0
670,3.0
671,5.0
672,5.0
673,3.0
674,2.0
675,3.0
676,4.0
677,3.0
678,3.0
679,4.0
680,3.0
681,4.0
682,3.0
683,3.0
684,3.0
685,4.0
686,4.0
687,4.0
688,3.0
689,3.0
690,4.0
691,4.0
692,5.0
693,4.0
694,4.0
695,4.0
696,4.0
697,4.0
698,4.0
699,4.0
700,4.0
701,4.0
702,4.0
703,5.0
704,4.0
705,5.0
706,4.0
707,4.0
708,3.0
709,3.0
710,3.0
711,3.0
712,3.0
713,3.0
714,3.0
715,4.0
716,4.0
717,4.0
718,5.0
719,4.0
720,5.0
721,4.0
722,3.0
723,4.0
724,4.0
725,4.0
726,4.0
727,4.0
728,4.0
729,3.0
730,4.0
731,3.0
732,3.0
733,3.0
734,4.0
735,5.0
736,5.0
737,4.0
738,4.0
739,5.0
740,4.0
741,4.0
742,5.0
743,5.0
744,3.0
745,4.0
746,4.0
747,3.0
748,4.0
749,5.0
750,3.0
751,4.0
752,4.0
753,4.0
754,3.0
755,3.0
756,3.0
757,3.0
758,2.0
759,3.0
760,3.0
761,3.0
762,4.0
763,4.0
764,4.0
765,3.0
766,3.0
767,3.0
768,3.0
769,3.0
770,4.0
771,4.0
772,4.0
773,4.0
774,4.0
775,3.0
776,3.0
777,3.0
778,3.0
779,3.0
780,2.0
781,4.0
782,4.0
783,4.0
784,4.0
785,4.0
786,4.0
787,4.0
788,3.0
789,3.0
790,3.0
791,3.0
792,3.0
793,3.0
794,4.0
795,4.0
796,4.0
797,2.0
798,3.0
799,3.0
800,3.0
801,3.0
802,3.0
803,3.0
804,3.0
805,3.0
806,3.0
807,3.0
808,4.0
809,3.0
810,3.0
811,4.0
812,4.0
813,4.0
814,3.0
815,2.0
816,4.0
817,3.0
818,3.0
819,4.0
820,3.0
821,3.0
822,3.0
823,3.0
824,3.0
825,4.0
826,3.0
827,3.0
828,3.0
829,3.0
830,2.0
831,3.0
832,3.0
833,3.0
834,3.0
835,3.0
836,3.0
837,4.0
838,4.0
839,4.0
840,4.0
841,4.0
842,4.0
843,4.0
844,4.0
845,4.0
846,3.0
847,4.0
848,4.0
849,5.0
850,4.0
851,4.0
852,4.0
853,4.0
854,4.0
855,4.0
856,5.0
857,4.0
858,4.0
859,4.0
860,3.0
861,3.0
862,2.0
863,3.0
864,3.0
865,2.0
866,2.0
867,3.0
868,3.0
869,3.0
870,4.0
871,2.0
872,3.0
873,3.0
874,4.0
875,3.0
876,3.0
877,4.0
878,2.0
879,3.0
880,4.0
881,3.0
882,3.0
883,4.0
884,4.0
885,4.0
886,4.0
887,5.0
888,4.0
889,4.0
890,4.0
891,4.0
892,3.0
893,4.0
894,4.0
895,4.0
896,4.0
897,4.0
898,4.0
899,4.0
900,4.0
901,4.0
902,4.0
903,4.0
904,4.0
905,4.0
906,4.0
907,4.0
908,3.0
909,3.0
910,4.0
911,5.0
912,4.0
913,2.0
914,3.0
915,3.0
916,3.0
917,4.0
918,2.0
919,3.0
920,3.0
921,4.0
922,3.0
923,4.0
924,4.0
925,4.0
926,4.0
927,4.0
928,3.0
929,4.0
930,4.0
931,4.0
932,5.0
933,4.0
934,4.0
935,4.0
936,4.0
937,4.0
938,4.0
939,4.0
940,4.0
941,3.0
942,4.0
943,4.0
944,3.0
945,4.0
946,4.0
947,4.0
948,4.0
949,4.0
950,4.0
951,4.0
952,3.0
953,4.0
954,4.0
955,5.0
956,5.0
957,4.0
958,4.0
959,3.0
960,3.0
961,3.0
962,3.0
963,3.0
964,3.0
965,3.0
966,3.0
967,3.0
968,3.0
969,3.0
970,2.0
971,3.0
972,4.0
973,4.0
974,5.0
975,4.0
976,4.0
977,5.0
978,5.0
979,4.0
980,3.0
981,4.0
982,4.0
983,4.0
984,3.0
985,4.0
986,4.0
987,4.0
988,4.0
989,3.0
990,4.0
991,4.0
992,4.0
993,4.0
994,4.0
995,4.0
996,4.0
997,4.0
998,3.0
999,3.0
1000,3.0
1001,3.0
1002,3.0
1003,3.0
1004,2.0
1005,3.0
1006,3.0
1007,2.0
1008,2.0
1009,2.0
1010,3.0
1011,4.0
1012,3.0
1013,3.0
1014,3.0
1015,3.0
1016,3.0
1017,4.0
1018,3.0
1019,3.0
1020,2.0
1021,3.0
1022,3.0
1023,3.0
1024,3.0
1025,3.0
1026,3.0
1027,3.0
1028,3.0
1029,3.0
1030,3.0
1031,4.0
1032,3.0
1033,3.0
1034,2.0
1035,3.0
1036,5.0
1037,4.0
1038,3.0
1039,4.0
1040,4.0
1041,4.0
1042,3.0
1043,3.0
1044,3.0
1045,3.0
1046,3.0
1047,3.0
1048,3.0
1049,3.0
1050,3.0
1051,3.0
1052,4.0
1053,3.0
1054,3.0
1055,2.0
1056,3.0
1057,2.0
1058,3.0
1059,3.0
1060,3.0
1061,4.0
1062,3.0
1063,2.0
1064,3.0
1065,3.0
1066,4.0
1067,3.0
1068,4.0
1069,3.0
1070,3.0
1071,3.0
1072,3.0
1073,3.0
1074,3.0
1075,3.0
1076,3.0
1077,3.0
1078,3.0
1079,3.0
1080,3.0
1081,3.0
1082,2.0
1083,2.0
1084,4.0
1085,3.0
1086,3.0
1087,4.0
1088,4.0
1089,3.0
1090,3.0
1091,3.0
1092,3.0
1093,3.0
1094,4.0
1095,3.0
1096,3.0
1097,3.0
1098,3.0
1099,3.0
1100,3.0
1101,3.0
1102,2.0
1103,3.0
1104,3.0
1105,3.0
1106,3.0
1107,3.0
1108,3.0
1109,3.0
1110,3.0
1111,3.0
1112,3.0
1113,3.0
1114,3.0
1115,3.0
1116,3.0
1117,3.0
1118,2.0
1119,3.0
1120,3.0
1121,3.0
1122,3.0
1123,2.0
1124,4.0
1125,4.0
1126,4.0
1127,4.0
1128,4.0
1129,4.0
1130,4.0
1131,3.0
1132,3.0
1133,4.0
1134,5.0
1135,3.0
1136,3.0
1137,3.0
1138,3.0
1139,4.0
1140,3.0
1141,4.0
1142,3.0
1143,3.0
1144,3.0
1145,3.0
1146,3.0
1147,2.0
1148,3.0
1149,3.0
1150,3.0
1151,3.0
1152,3.0
1153,3.0
1154,2.0
1155,3.0
1156,4.0
1157,2.0
1158,3.0
1159,3.0
1160,2.0
1161,3.0
1162,4.0
1163,3.0
1164,3.0
1165,3.0
1166,2.0
1167,3.0
1168,3.0
1169,3.0
1170,3.0
1171,3.0
1172,3.0
1173,3.0
1174,3.0
1175,3.0
1176,2.0
1177,3.0
1178,3.0
1179,2.0
1180,3.0
1181,4.0
1182,4.0
1183,4.0
1184,3.0
1185,3.0
1186,3.0
1187,3.0
1188,3.0
1189,2.0
1190,4.0
1191,3.0
1192,2.0
1193,2.0
1194,1.0
1195,3.0
1196,3.0
1197,2.0
1198,2.0
1199,2.0
1200,2.0
1201,2.0
1202,2.0
1203,2.0
1204,1.0
1205,2.0
1206,2.0
1207,2.0
1208,3.0
1209,2.0
1210,2.0
1211,2.0
1212,2.0
1213,2.0
1214,3.0
1215,3.0
1216,3.0
1217,3.0
1218,3.0
1219,3.0
1220,3.0
1221,3.0
1222,3.0
1223,3.0
1224,3.0
1225,2.0
1226,3.0
1227,2.0
1228,2.0
1229,4.0
1230,3.0
1231,3.0
1232,3.0
1233,3.0
1234,4.0
1235,3.0
1236,4.0
1237,3.0
1238,3.0
1239,3.0
1240,3.0
1241,3.0
1242,4.0
1243,3.0
1244,3.0
1245,3.0
1246,3.0
1247,3.0
1248,3.0
1249,4.0
1250,3.0
1251,3.0
1252,3.0
1253,3.0
1254,4.0
1255,3.0
1256,3.0
1257,3.0
1258,3.0
1259,3.0
1260,3.0
1261,3.0
1262,4.0
1263,4.0
1264,4.0
1265,5.0
1266,4.0
1267,4.0
1268,4.0
1269,4.0
1270,4.0
1271,4.0
1272,4.0
1273,4.0
1274,4.0
1275,3.0
1276,4.0
1277,3.0
1278,4.0
1279,4.0
1280,3.0
1281,4.0
1282,5.0
1283,4.0
1284,4.0
1285,5.0
1286,4.0
1287,3.0
1288,5.0
1289,3.0
1290,4.0
1291,2.0
1292,3.0
1293,2.0
1294,3.0
1295,3.0
1296,3.0
1297,3.0
1298,3.0
1299,3.0
1300,3.0
1301,3.0
1302,4.0
1303,4.0
1304,5.0
1305,3.0
1306,4.0
1307,4.0
1308,4.0
1309,5.0
1310,4.0
1311,5.0
1312,4.0
1313,3.0
1314,4.0
1315,4.0
1316,3.0
1317,4.0
1318,4.0
1319,4.0
1320,4.0
1321,3.0
1322,4.0
1323,4.0
1324,4.0
1325,4.0
1326,4.0
1327,4.0
1328,4.0
1329,4.0
1330,3.0
1331,3.0
1332,3.0
1333,3.0
1334,3.0
1335,2.0
1336,3.0
1337,4.0
1338,3.0
1339,3.0
1340,2.0
1341,3.0
1342,4.0
1343,3.0
1344,3.0
1345,3.0
1346,3.0
1347,3.0
1348,4.0
1349,3.0
1350,3.0
1351,3.0
1352,3.0
1353,3.0
1354,3.0
1355,3.0
1356,3.0
1357,3.0
1358,3.0
1359,2.0
1360,3.0
1361,3.0
1362,3.0
1363,3.0
1364,3.0
1365,3.0
1366,3.0
1367,4.0
1368,3.0
1369,4.0
1370,4.0
1371,2.0
1372,2.0
1373,3.0
1374,4.0
1375,3.0
1376,2.0
1377,3.0
1378,2.0
1379,2.0
1380,2.0
1381,1.0
1382,2.0
1383,1.0
1384,1.0
1385,1.0
1386,3.0
1387,2.0
1388,3.0
1389,2.0
1390,3.0
1391,3.0
1392,4.0
1393,3.0
1394,3.0
1395,2.0
1396,4.0
1397,3.0
1398,3.0
1399,3.0
1400,4.0
1401,4.0
1402,4.0
1403,3.0
1404,4.0
1405,3.0
1406,4.0
1407,3.0
1408,4.0
1409,4.0
1410,4.0
1411,4.0
1412,4.0
1413,4.0
1414,4.0
1415,4.0
1416,4.0
1417,5.0
1418,4.0
1419,4.0
1420,5.0
1421,4.0
1422,5.0
1423,4.0
1424,4.0
1425,4.0
1426,4.0
1427,3.0
1428,3.0
1429,2.0
1430,3.0
1431,2.0
1432,4.0
1433,3.0
1434,3.0
1435,4.0
1436,3.0
1437,3.0
1438,3.0
1439,3.0
1440,2.0
1441,3.0
1442,3.0
1443,4.0
1444,3.0
1445,3.0
1446,2.0
1447,3.0
1448,4.0
1449,5.0
1450,4.0
1451,5.0
1452,4.0
1453,4.0
1454,4.0
1455,4.0
1456,4.0
1457,4.0
1458,4.0
1459,4.0
1460,4.0
1461,3.0
1462,5.0
1463,4.0
1464,3.0
1465,4.0
1466,4.0
1467,4.0
1468,4.0
1469,4.0
1470,4.0
1471,5.0
1472,3.0
1473,4.0
1474,4.0
1475,2.0
1476,3.0
1477,3.0
1478,3.0
1479,4.0
1480,3.0
1481,3.0
1482,3.0
1483,3.0
1484,3.0
1485,3.0
1486,2.0
1487,3.0
1488,2.0
1489,3.0
1490,3.0
1491,3.0
1492,3.0
1493,3.0
1494,3.0
1495,2.0
1496,2.0
1497,2.0
1498,2.0
1499,2.0
1500,2.0
1501,3.0
1502,3.0
1503,3.0
1504,3.0
1505,3.0
1506,3.0
1507,3.0
1508,4.0
1509,4.0
1510,4.0
1511,4.0
1512,5.0
1513,4.0
1514,4.0
1515,4.0
1516,4.0
1517,4.0
1518,4.0
1519,4.0
1520,5.0
1521,3.0
1522,3.0
1523,3.0
1524,3.0
1525,3.0
1526,3.0
1527,4.0
1528,3.0
1529,2.0
1530,2.0
1531,1.0
1532,2.0
1533,2.0
1534,3.0
1535,3.0
1536,3.0
1537,4.0
1538,3.0
1539,3.0
1540,2.0
1541,1.0
1542,4.0
1543,3.0
1544,3.0
1545,3.0
1546,2.0
1547,2.0
1548,3.0
1549,3.0
1550,3.0
1551,3.0
1552,3.0
1553,3.0
1554,4.0
1555,3.0
1556,4.0
1557,3.0
1558,3.0
1559,3.0
1560,3.0
1561,4.0
1562,3.0
1563,2.0
1564,3.0
1565,3.0
1566,4.0
1567,3.0
1568,3.0
1569,4.0
1570,4.0
1571,4.0
1572,4.0
1573,3.0
1574,3.0
1575,4.0
1576,4.0
1577,3.0
1578,4.0
1579,3.0
1580,3.0
1581,3.0
1582,3.0
1583,3.0
1584,3.0
1585,3.0
1586,2.0
1587,4.0
1588,3.0
1589,2.0
1590,3.0
1591,3.0
1592,5.0
1593,4.0
1594,4.0
1595,3.0
1596,4.0
1597,3.0
1598,3.0
1599,4.0
1600,4.0
1601,4.0
1602,4.0
1603,4.0
1604,4.0
1605,4.0
1606,3.0
1607,4.0
1608,4.0
1609,4.0
1610,4.0
1611,5.0
1612,4.0
1613,4.0
1614,4.0
1615,4.0
1616,4.0
1617,4.0
1618,3.0
1619,4.0
1620,4.0
1621,3.0
1622,4.0
1623,4.0
1624,4.0
1625,4.0
1626,4.0
1627,4.0
1628,4.0
1629,3.0
1630,4.0
1631,4.0
1632,4.0
1633,3.0
1634,4.0
1635,5.0
1636,4.0
1637,4.0
1638,4.0
1639,4.0
1640,4.0
1641,4.0
1642,3.0
1643,5.0
1644,4.0
1645,4.0
1646,4.0
1647,4.0
1648,4.0
1649,4.0
1650,4.0
1651,5.0
1652,5.0
1653,4.0
1654,4.0
1655,4.0
1656,4.0
1657,4.0
1658,3.0
1659,4.0
1660,4.0
1661,4.0
1662,3.0
1663,4.0
1664,4.0
1665,4.0
1666,4.0
1667,4.0
1668,4.0
1669,5.0
1670,4.0
1671,4.0
1672,4.0
1673,4.0
1674,4.0
1675,4.0
1676,4.0
1677,4.0
1678,3.0
1679,3.0
1680,3.0
1681,2.0
1682,2.0
1683,4.0
1684,5.0
1685,4.0
1686,4.0
1687,4.0
1688,4.0
1689,4.0
1690,3.0
1691,4.0
1692,4.0
1693,4.0
1694,4.0
1695,4.0
1696,3.0
1697,4.0
1698,4.0
1699,4.0
1700,4.0
1701,4.0
1702,5.0
1703,4.0
1704,4.0
1705,4.0
1706,4.0
1707,4.0
1708,4.0
1709,4.0
1710,4.0
1711,4.0
1712,4.0
1713,3.0
1714,3.0
1715,3.0
1716,4.0
1717,3.0
1718,3.0
1719,3.0
1720,3.0
1721,2.0
1722,2.0
1723,1.0
1724,2.0
1725,2.0
1726,2.0
1727,2.0
1728,2.0
1729,2.0
1730,3.0
1731,3.0
1732,5.0
1733,4.0
1734,3.0
1735,3.0
1736,3.0
1737,4.0
1738,4.0
1739,3.0
1740,4.0
1741,4.0
1742,4.0
1743,4.0
1744,3.0
1745,4.0
1746,4.0
1747,4.0
1748,4.0
1749,4.0
1750,4.0
1751,4.0
1752,4.0
1753,4.0
1754,4.0
1755,4.0
1756,3.0
1757,4.0
1758,3.0
1759,4.0
1760,4.0
1761,4.0
1762,2.0
1763,3.0
1764,4.0
1765,3.0
1766,3.0
1767,3.0
1768,3.0
1769,4.0
1770,2.0
1771,2.0
1772,3.0
1773,4.0
1774,3.0
1775,3.0
1776,3.0
1777,3.0
1778,3.0
1779,3.0
1780,4.0
1781,3.0
1782,4.0
1783,4.0
1784,4.0
1785,4.0
1786,4.0
1787,4.0
1788,4.0
1789,4.0
1790,4.0
1791,4.0
1792,5.0
1793,4.0
1794,4.0
1795,3.0
1796,4.0
1797,4.0
1798,5.0
1799,5.0
1800,4.0
1801,3.0
1802,5.0
1803,5.0
1804,4.0
1805,4.0
1806,5.0
1807,4.0
1808,3.0
1809,3.0
1810,3.0
1811,3.0
1812,3.0
1813,3.0
1814,4.0
1815,3.0
1816,3.0
1817,2.0
1818,3.0
1819,3.0
1820,3.0
1821,3.0
1822,2.0
1823,3.0
1824,3.0
1825,3.0
1826,3.0
1827,3.0
1828,3.0
1829,4.0
1830,4.0
1831,4.0
1832,4.0
1833,4.0
1834,4.0
1835,3.0
1836,5.0
1837,5.0
1838,4.0
1839,4.0
1840,4.0
1841,4.0
1842,4.0
1843,4.0
1844,4.0
1845,4.0
1846,4.0
1847,3.0
1848,4.0
1849,5.0
1850,4.0
1851,4.0
1852,4.0
1853,4.0
1854,4.0
1855,3.0
1856,4.0
1857,4.0
1858,3.0
1859,3.0
1860,4.0
1861,4.0
1862,4.0
1863,3.0
1864,3.0
1865,2.0
1866,4.0
1867,4.0
1868,3.0
1869,3.0
1870,3.0
1871,3.0
1872,3.0
1873,3.0
1874,3.0
1875,3.0
1876,3.0
1877,3.0
1878,3.0
1879,4.0
1880,4.0
1881,4.0
1882,4.0
1883,3.0
1884,4.0
1885,4.0
1886,4.0
1887,4.0
1888,4.0
1889,4.0
1890,4.0
1891,5.0
1892,4.0
1893,3.0
1894,4.0
1895,4.0
1896,4.0
1897,4.0
1898,4.0
1899,4.0
1900,4.0
1901,3.0
1902,4.0
1903,4.0
1904,4.0
1905,4.0
1906,4.0
1907,4.0
1908,4.0
1909,4.0
1910,4.0
1911,4.0
1912,4.0
1913,4.0
1914,4.0
1915,3.0
1916,3.0
1917,2.0
1918,3.0
1919,2.0
1920,4.0
1921,3.0
1922,4.0
1923,5.0
1924,5.0
1925,4.0
1926,4.0
1927,4.0
1928,3.0
1929,5.0
1930,4.0
1931,5.0
1932,5.0
1933,4.0
1934,4.0
1935,4.0
1936,4.0
1937,5.0
1938,4.0
1939,4.0
1940,4.0
1941,3.0
1942,4.0
1943,4.0
1944,4.0
1945,4.0
1946,4.0
1947,4.0
1948,5.0
1949,5.0
1950,4.0
1951,4.0
1952,3.0
1953,4.0
1954,4.0
1955,4.0
1956,4.0
1957,4.0
1958,4.0
1959,4.0
1960,5.0
1961,3.0
1962,4.0
1963,3.0
1964,4.0
1965,3.0
1966,2.0
1967,2.0
1968,3.0
1969,3.0
1970,4.0
1971,4.0
1972,4.0
1973,4.0
1974,4.0
1975,5.0
1976,3.0
1977,4.0
1978,5.0
1979,3.0
1980,5.0
1981,4.0
1982,3.0
1983,5.0
1984,4.0
1985,4.0
1986,4.0
1987,4.0
1988,5.0
1989,4.0
1990,4.0
1991,4.0
1992,4.0
1993,4.0
1994,4.0
1995,4.0
1996,5.0
1997,4.0
1998,3.0
1999,4.0
2000,4.0
2001,2.0
2002,3.0
2003,3.0
2004,3.0
2005,3.0
2006,2.0
2007,3.0
2008,3.0
2009,3.0
2010,3.0
2011,3.0
2012,3.0
2013,3.0
2014,3.0
2015,3.0
2016,3.0
2017,3.0
2018,3.0
2019,3.0
2020,4.0
2021,3.0
2022,3.0
2023,3.0
2024,3.0
2025,4.0
2026,4.0
2027,2.0
2028,3.0
2029,3.0
2030,3.0
2031,3.0
2032,3.0
2033,4.0
2034,4.0
2035,4.0
2036,4.0
2037,3.0
2038,3.0
2039,3.0
2040,4.0
2041,4.0
2042,4.0
2043,4.0
2044,4.0
2045,4.0
2046,4.0
2047,4.0
2048,4.0
2049,3.0
2050,2.0
2051,1.0
2052,2.0
2053,2.0
2054,3.0
2055,2.0
2056,1.0
2057,2.0
2058,2.0
2059,3.0
2060,3.0
2061,3.0
2062,2.0
2063,3.0
2064,2.0
2065,2.0
2066,3.0
2067,3.0
2068,3.0
2069,3.0
2070,3.0
2071,3.0
2072,3.0
2073,3.0
2074,3.0
2075,4.0
2076,3.0
2077,4.0
2078,2.0
2079,4.0
2080,3.0
2081,3.0
2082,4.0
2083,3.0
2084,3.0
2085,3.0
2086,3.0
2087,4.0
2088,3.0
2089,3.0
2090,3.0
2091,3.0
2092,3.0
2093,4.0
2094,4.0
2095,4.0
2096,4.0
2097,3.0
2098,2.0
2099,3.0
2100,3.0
2101,3.0
2102,3.0
2103,2.0
2104,3.0
2105,3.0
2106,3.0
2107,4.0
2108,2.0
2109,2.0
2110,3.0
2111,2.0
2112,3.0
2113,3.0
2114,3.0
2115,3.0
2116,3.0
2117,3.0
2118,3.0
2119,3.0
2120,3.0
2121,3.0
2122,2.0
2123,3.0
2124,2.0
2125,2.0
2126,3.0
2127,3.0
2128,3.0
2129,3.0
2130,4.0
2131,4.0
2132,3.0
2133,3.0
2134,3.0
2135,3.0
2136,3.0
2137,3.0
2138,4.0
2139,3.0
2140,4.0
2141,3.0
2142,3.0
2143,3.0
2144,3.0
2145,4.0
2146,3.0
2147,3.0
2148,2.0
2149,3.0
2150,4.0
2151,3.0
2152,3.0
2153,3.0
2154,2.0
2155,2.0
2156,2.0
2157,2.0
2158,2.0
2159,2.0
2160,2.0
2161,1.0
2162,2.0
2163,3.0
2164,2.0
2165,3.0
2166,3.0
2167,2.0
2168,2.0
2169,3.0
2170,3.0
2171,2.0
2172,3.0
2173,4.0
2174,2.0
2175,4.0
2176,3.0
2177,4.0
2178,4.0
2179,4.0
2180,4.0
2181,3.0
2182,5.0
2183,4.0
2184,4.0
2185,5.0
2186,3.0
2187,4.0
2188,5.0
2189,3.0
2190,3.0
2191,3.0
2192,3.0
2193,3.0
2194,3.0
2195,4.0
2196,4.0
2197,2.0
2198,3.0
2199,3.0
2200,2.0
2201,3.0
2202,3.0
2203,3.0
2204,4.0
2205,4.0
2206,3.0
2207,3.0
2208,3.0
2209,3.0
2210,3.0
2211,3.0
2212,3.0
2213,3.0
2214,2.0
2215,3.0
2216,2.0
2217,2.0
2218,3.0
2219,3.0
2220,4.0
2221,3.0
2222,3.0
2223,3.0
2224,3.0
2225,2.0
2226,3.0
2227,4.0
2228,3.0
2229,4.0
2230,3.0
2231,4.0
2232,3.0
2233,3.0
2234,3.0
2235,3.0
2236,3.0
2237,3.0
2238,3.0
2239,4.0
2240,3.0
2241,3.0
2242,3.0
2243,3.0
2244,3.0
2245,3.0
2246,4.0
2247,3.0
2248,3.0
2249,3.0
2250,2.0
2251,3.0
2252,4.0
2253,2.0
2254,3.0
2255,3.0
2256,3.0
2257,4.0
2258,4.0
2259,3.0
2260,4.0
2261,3.0
2262,3.0
2263,4.0
2264,3.0
2265,3.0
2266,4.0
2267,4.0
2268,5.0
2269,3.0
2270,4.0
2271,4.0
2272,4.0
2273,4.0
2274,4.0
2275,4.0
2276,4.0
2277,5.0
2278,3.0
2279,3.0
2280,3.0
2281,2.0
2282,3.0
2283,3.0
2284,3.0
2285,3.0
2286,3.0
2287,3.0
2288,3.0
2289,3.0
2290,3.0
2291,3.0
2292,3.0
2293,4.0
2294,3.0
2295,3.0
2296,2.0
2297,3.0
2298,3.0
2299,2.0
2300,3.0
2301,3.0
2302,2.0
2303,3.0
2304,3.0
2305,3.0
2306,3.0
2307,4.0
2308,3.0
2309,3.0
2310,3.0
2311,2.0
2312,4.0
2313,4.0
2314,3.0
2315,3.0
2316,3.0
2317,4.0
2318,3.0
2319,4.0
2320,4.0
2321,3.0
2322,4.0
2323,3.0
2324,4.0
2325,3.0
2326,4.0
2327,4.0
2328,4.0
2329,4.0
2330,3.0
2331,4.0
2332,3.0
2333,4.0
2334,4.0
2335,3.0
2336,4.0
2337,5.0
2338,3.0
2339,4.0
2340,3.0
2341,3.0
2342,3.0
2343,2.0
2344,3.0
2345,3.0
2346,3.0
2347,3.0
2348,3.0
2349,3.0
2350,3.0
2351,2.0
2352,3.0
2353,3.0
2354,3.0
2355,3.0
2356,3.0
2357,3.0
2358,3.0
2359,4.0
2360,5.0
2361,4.0
2362,4.0
2363,4.0
2364,3.0
2365,4.0
2366,4.0
2367,4.0
2368,4.0
2369,3.0
2370,4.0
2371,4.0
2372,4.0
2373,4.0
2374,4.0
2375,3.0
2376,4.0
2377,4.0
2378,5.0
2379,4.0
2380,4.0
2381,4.0
2382,4.0
2383,4.0
2384,5.0
2385,3.0
2386,4.0
2387,4.0
2388,2.0
2389,2.0
2390,2.0
2391,2.0
2392,3.0
2393,3.0
2394,2.0
2395,3.0
2396,4.0
2397,3.0
2398,3.0
2399,4.0
2400,4.0
2401,4.0
2402,3.0
2403,4.0
2404,4.0
2405,5.0
2406,4.0
2407,4.0
2408,3.0
2409,4.0
2410,4.0
2411,4.0
2412,4.0
2413,4.0
2414,4.0
2415,4.0
2416,4.0
2417,4.0
2418,4.0
2419,4.0
2420,4.0
2421,4.0
2422,5.0
2423,4.0
2424,4.0
2425,5.0
2426,4.0
2427,3.0
2428,4.0
2429,4.0
2430,4.0
2431,4.0
2432,4.0
2433,4.0
2434,4.0
2435,4.0
2436,4.0
2437,4.0
2438,3.0
2439,3.0
2440,3.0
2441,3.0
2442,4.0
2443,3.0
2444,3.0
2445,3.0
2446,3.0
2447,3.0
2448,3.0
2449,2.0
2450,3.0
2451,3.0
2452,4.0
2453,4.0
2454,4.0
2455,4.0
2456,4.0
2457,4.0
2458,4.0
2459,4.0
2460,4.0
2461,5.0
2462,5.0
2463,3.0
2464,5.0
2465,4.0
2466,4.0
2467,4.0
2468,4.0
2469,4.0
2470,5.0
2471,4.0
2472,4.0
2473,4.0
2474,5.0
2475,4.0
2476,4.0
2477,4.0
2478,5.0
2479,4.0
2480,4.0
2481,4.0
2482,3.0
2483,3.0
2484,3.0
2485,4.0
2486,3.0
2487,3.0
2488,4.0
2489,3.0
2490,3.0
2491,3.0
2492,2.0
2493,3.0
2494,3.0
2495,3.0
2496,3.0
2497,3.0
2498,4.0
2499,3.0
2500,3.0
2501,4.0
2502,4.0
2503,5.0
2504,5.0
2505,4.0
2506,4.0
2507,4.0
2508,3.0
2509,4.0
2510,4.0
2511,5.0
2512,3.0
2513,5.0
2514,5.0
2515,4.0
2516,3.0
2517,3.0
2518,4.0
2519,4.0
2520,4.0
2521,5.0
2522,4.0
2523,4.0
2524,4.0
2525,4.0
2526,5.0
2527,4.0
2528,4.0
2529,4.0
2530,5.0
2531,3.0
2532,4.0
2533,3.0
2534,3.0
2535,3.0
2536,3.0
2537,3.0
2538,3.0
2539,3.0
2540,3.0
2541,3.0
2542,3.0
2543,3.0
2544,3.0
2545,4.0
2546,4.0
2547,4.0
2548,5.0
2549,5.0
2550,4.0
2551,4.0
2552,4.0
2553,4.0
2554,4.0
2555,4.0
2556,4.0
2557,3.0
2558,4.0
2559,5.0
2560,3.0
2561,4.0
2562,4.0
2563,4.0
2564,4.0
2565,4.0
2566,4.0
2567,4.0
2568,5.0
2569,5.0
2570,3.0
2571,4.0
2572,4.0
2573,4.0
2574,4.0
2575,4.0
2576,4.0
2577,3.0
2578,3.0
2579,3.0
2580,3.0
2581,4.0
2582,4.0
2583,5.0
2584,3.0
2585,3.0
2586,3.0
2587,3.0
2588,3.0
2589,3.0
2590,3.0
2591,3.0
2592,3.0
2593,3.0
2594,4.0
2595,4.0
2596,3.0
2597,3.0
2598,3.0
2599,3.0
2600,3.0
2601,3.0
2602,4.0
2603,4.0
2604,4.0
2605,2.0
2606,3.0
2607,2.0
2608,3.0
2609,3.0
2610,3.0
2611,3.0
2612,3.0
2613,3.0
2614,3.0
2615,3.0
2616,3.0
2617,4.0
2618,3.0
2619,3.0
2620,3.0
2621,2.0
2622,3.0
2623,3.0
2624,3.0
2625,3.0
2626,3.0
2627,3.0
2628,3.0
2629,3.0
2630,3.0
2631,3.0
2632,3.0
2633,3.0
2634,3.0
2635,3.0
2636,3.0
2637,3.0
2638,3.0
2639,3.0
2640,2.0
2641,3.0
2642,3.0
2643,4.0
2644,3.0
2645,3.0
2646,3.0
2647,3.0
2648,3.0
2649,3.0
2650,4.0
2651,3.0
2652,3.0
2653,3.0
2654,3.0
2655,3.0
2656,3.0
2657,3.0
2658,3.0
2659,2.0
2660,3.0
2661,3.0
2662,3.0
2663,4.0
2664,3.0
2665,3.0
2666,3.0
2667,1.0
2668,2.0
2669,3.0
2670,3.0
2671,4.0
2672,3.0
2673,3.0
2674,2.0
2675,3.0
2676,2.0
2677,3.0
2678,3.0
2679,2.0
2680,2.0
2681,2.0
2682,3.0
2683,3.0
2684,3.0
2685,2.0
2686,3.0
2687,3.0
2688,3.0
2689,2.0
2690,3.0
2691,3.0
2692,4.0
2693,3.0
2694,3.0
2695,2.0
2696,3.0
2697,2.0
2698,2.0
2699,2.0
2700,2.0
2701,2.0
2702,2.0
2703,2.0
2704,2.0
2705,2.0
2706,2.0
2707,1.0
2708,2.0
2709,2.0
2710,2.0
2711,1.0
2712,2.0
2713,2.0
2714,2.0
2715,1.0
2716,3.0
2717,3.0
2718,3.0
2719,4.0
2720,1.0
2721,3.0
2722,2.0
2723,2.0
2724,2.0
2725,3.0
2726,3.0
2727,2.0
2728,2.0
2729,1.0
2730,3.0
2731,1.0
2732,1.0
2733,2.0
2734,2.0
2735,2.0
2736,3.0
2737,3.0
2738,3.0
2739,3.0
2740,2.0
2741,3.0
2742,2.0
2743,3.0
2744,2.0
2745,3.0
2746,3.0
2747,2.0
2748,2.0
2749,1.0
2750,2.0
2751,2.0
2752,1.0
2753,2.0
2754,2.0
2755,3.0
2756,2.0
2757,2.0
2758,2.0
2759,1.0
2760,2.0
2761,2.0
2762,2.0
2763,2.0
2764,2.0
2765,2.0
2766,2.0
2767,2.0
2768,2.0
2769,2.0
2770,2.0
2771,2.0
2772,2.0
2773,2.0
2774,1.0
2775,2.0
2776,3.0
2777,3.0
2778,3.0
2779,2.0
2780,4.0
2781,2.0
2782,3.0
2783,3.0
2784,3.0
2785,2.0
2786,4.0
2787,3.0
2788,3.0
2789,3.0
2790,2.0
2791,3.0
2792,3.0
2793,3.0
2794,3.0
2795,4.0
2796,3.0
2797,3.0
2798,3.0
2799,3.0
2800,3.0
2801,3.0
2802,3.0
2803,2.0
2804,3.0
2805,3.0
2806,3.0
2807,4.0
2808,3.0
2809,4.0
2810,3.0
2811,3.0
2812,2.0
2813,3.0
2814,3.0
2815,4.0
2816,5.0
2817,5.0
2818,4.0
2819,3.0
2820,4.0
2821,3.0
2822,3.0
2823,3.0
2824,4.0
2825,4.0
2826,3.0
2827,3.0
2828,3.0
2829,4.0
2830,3.0
2831,4.0
2832,4.0
2833,5.0
2834,4.0
2835,4.0
2836,4.0
2837,5.0
2838,4.0
2839,5.0
2840,4.0
2841,4.0
2842,3.0
2843,4.0
2844,4.0
2845,4.0
2846,4.0
2847,4.0
2848,4.0
2849,3.0
2850,4.0
2851,4.0
2852,3.0
2853,3.0
2854,3.0
2855,4.0
2856,2.0
2857,3.0
2858,4.0
2859,3.0
2860,2.0
2861,4.0
2862,4.0
2863,3.0
2864,3.0
2865,3.0
2866,4.0
2867,3.0
2868,3.0
2869,4.0
2870,4.0
2871,4.0
2872,5.0
2873,3.0
2874,4.0
2875,4.0
2876,3.0
2877,4.0
2878,4.0
2879,4.0
2880,4.0
2881,4.0
2882,3.0
2883,4.0
2884,4.0
2885,3.0
2886,4.0
2887,4.0
2888,4.0
2889,4.0
2890,4.0
2891,4.0
2892,4.0
2893,4.0
2894,4.0
2895,4.0
2896,5.0
2897,4.0
2898,4.0
2899,4.0
2900,4.0
2901,4.0
2902,4.0
2903,4.0
2904,4.0
2905,4.0
2906,3.0
2907,4.0
2908,4.0
2909,4.0
2910,4.0
2911,4.0
2912,5.0
2913,4.0
2914,4.0
2915,4.0
2916,4.0
2917,4.0
2918,4.0
2919,4.0
2920,4.0
2921,4.0
2922,4.0
2923,4.0
2924,4.0
2925,3.0
2926,4.0
2927,4.0
2928,3.0
2929,4.0
2930,5.0
2931,5.0
2932,4.0
2933,4.0
2934,4.0
2935,3.0
2936,5.0
2937,4.0
2938,4.0
2939,3.0
2940,4.0
2941,4.0
2942,4.0
2943,4.0
2944,4.0
2945,4.0
2946,4.0
2947,5.0
2948,4.0
2949,4.0
2950,4.0
2951,3.0
2952,4.0
2953,3.0
2954,4.0
2955,4.0
2956,4.0
2957,4.0
2958,4.0
2959,3.0
2960,3.0
2961,3.0
2962,2.0
2963,2.0
2964,3.0
2965,3.0
2966,3.0
2967,3.0
2968,3.0
2969,3.0
2970,3.0
2971,4.0
2972,3.0
2973,3.0
2974,3.0
2975,4.0
2976,3.0
2977,3.0
2978,3.0
2979,3.0
2980,2.0
2981,2.0
2982,2.0
2983,2.0
2984,2.0
2985,3.0
2986,2.0
2987,2.0
2988,2.0
2989,2.0
2990,2.0
2991,1.0
2992,2.0
2993,1.0
2994,1.0
2995,2.0
2996,3.0
2997,2.0
2998,2.0
2999,2.0
3000,2.0
3001,2.0
3002,2.0
3003,2.0
3004,2.0
3005,3.0
3006,4.0
3007,3.0
3008,3.0
3009,3.0
3010,2.0
3011,3.0
3012,4.0
3013,3.0
3014,3.0
3015,3.0
3016,3.0
3017,3.0
3018,2.0
3019,2.0
3020,3.0
3021,3.0
3022,3.0
3023,1.0
3024,2.0
3025,3.0
3026,3.0
3027,3.0
3028,3.0
3029,2.0
3030,2.0
3031,3.0
3032,2.0
3033,1.0
3034,2.0
3035,2.0
3036,2.0
3037,2.0
3038,3.0
3039,2.0
3040,1.0
3041,2.0
3042,2.0
3043,2.0
3044,2.0
3045,2.0
3046,2.0
3047,2.0
3048,3.0
3049,2.0
3050,2.0
3051,2.0
3052,3.0
3053,2.0
3054,1.0
3055,2.0
3056,3.0
3057,1.0
3058,2.0
3059,2.0
3060,1.0
3061,2.0
3062,3.0
3063,2.0
3064,2.0
3065,2.0
3066,2.0
3067,3.0
3068,2.0
3069,2.0
3070,2.0
3071,3.0
3072,4.0
3073,4.0
3074,2.0
3075,2.0
3076,2.0
3077,2.0
3078,3.0
3079,2.0
3080,2.0
3081,2.0
3082,2.0
3083,2.0
3084,2.0
3085,2.0
3086,2.0
3087,2.0
3088,2.0
3089,2.0
3090,2.0
3091,3.0
3092,2.0
3093,2.0
3094,2.0
3095,2.0
3096,2.0
3097,2.0
3098,2.0
3099,2.0
3100,3.0
3101,3.0
3102,4.0
3103,3.0
3104,3.0
3105,3.0
3106,2.0
3107,2.0
3108,2.0
3109,2.0
3110,2.0
3111,2.0
3112,3.0
3113,2.0
3114,2.0
3115,2.0
3116,1.0
3117,1.0
3118,2.0
3119,3.0
3120,2.0
3121,3.0
3122,3.0
3123,3.0
3124,3.0
3125,3.0
3126,4.0
3127,4.0
3128,3.0
3129,3.0
3130,3.0
3131,4.0
3132,3.0
3133,1.0
3134,3.0
3135,2.0
3136,3.0
3137,3.0
3138,2.0
3139,2.0
3140,2.0
3141,2.0
3142,2.0
3143,2.0
3144,2.0
3145,3.0
3146,2.0
3147,2.0
3148,3.0
3149,3.0
3150,3.0
3151,3.0
3152,3.0
3153,3.0
3154,2.0
3155,3.0
3156,2.0
3157,3.0
3158,3.0
3159,3.0
3160,3.0
3161,3.0
3162,3.0
3163,4.0
3164,2.0
3165,2.0
3166,2.0
3167,2.0
3168,3.0
3169,2.0
3170,2.0
3171,3.0
3172,3.0
3173,3.0
3174,2.0
3175,3.0
3176,2.0
3177,4.0
3178,3.0
3179,3.0
3180,3.0
3181,2.0
3182,1.0
3183,2.0
3184,3.0
3185,2.0
3186,2.0
3187,3.0
3188,2.0
3189,3.0
3190,2.0
3191,1.0
3192,1.0
3193,2.0
3194,3.0
3195,2.0
3196,2.0
3197,2.0
3198,3.0
3199,3.0
3200,2.0
3201,3.0
3202,3.0
3203,3.0
3204,2.0
3205,1.0
3206,2.0
3207,2.0
3208,3.0
3209,2.0
3210,2.0
3211,3.0
3212,3.0
3213,3.0
3214,3.0
3215,3.0
3216,4.0
3217,3.0
3218,3.0
3219,4.0
3220,3.0
3221,3.0
3222,2.0
3223,3.0
3224,4.0
3225,2.0
3226,2.0
3227,2.0
3228,3.0
3229,3.0
3230,3.0
3231,3.0
3232,4.0
3233,3.0
3234,3.0
3235,3.0
3236,2.0
3237,2.0
3238,3.0
3239,4.0
3240,3.0
3241,3.0
3242,3.0
3243,3.0
3244,3.0
3245,2.0
3246,3.0
3247,3.0
3248,2.0
3249,2.0
3250,2.0
3251,3.0
3252,3.0
3253,3.0
3254,3.0
3255,3.0
3256,3.0
3257,3.0
3258,3.0
3259,3.0
3260,3.0
3261,4.0
3262,3.0
3263,3.0
3264,3.0
3265,4.0
3266,4.0
3267,3.0
3268,2.0
3269,3.0
3270,3.0
3271,3.0
3272,3.0
3273,3.0
3274,3.0
3275,3.0
3276,3.0
3277,4.0
3278,2.0
3279,3.0
3280,3.0
3281,3.0
3282,3.0
3283,3.0
3284,3.0
3285,3.0
3286,3.0
3287,3.0
3288,3.0
3289,4.0
3290,2.0
3291,2.0
3292,3.0
3293,2.0
3294,3.0
3295,3.0
3296,3.0
3297,4.0
3298,4.0
3299,4.0
3300,3.0
3301,4.0
3302,4.0
3303,3.0
3304,4.0
3305,2.0
3306,3.0
3307,2.0
3308,3.0
3309,3.0
3310,3.0
3311,3.0
3312,3.0
3313,3.0
3314,3.0
3315,3.0
3316,1.0
3317,3.0
3318,3.0
3319,3.0
3320,3.0
3321,3.0
3322,2.0
3323,4.0
3324,3.0
3325,4.0
3326,3.0
3327,3.0
3328,3.0
3329,3.0
3330,4.0
3331,3.0
3332,3.0
3333,3.0
3334,3.0
3335,3.0
3336,3.0
3337,3.0
3338,3.0
3339,2.0
3340,3.0
3341,3.0
3342,3.0
3343,3.0
3344,3.0
3345,3.0
3346,4.0
3347,3.0
3348,3.0
3349,3.0
3350,3.0
3351,3.0
3352,3.0
3353,2.0
3354,3.0
3355,2.0
3356,3.0
3357,3.0
3358,3.0
3359,2.0
3360,3.0
3361,4.0
3362,3.0
3363,2.0
3364,3.0
3365,3.0
3366,3.0
3367,3.0
3368,2.0
3369,3.0
3370,3.0
3371,2.0
3372,3.0
3373,3.0
3374,3.0
3375,3.0
3376,3.0
3377,3.0
3378,3.0
3379,2.0
3380,2.0
3381,2.0
3382,3.0
3383,3.0
3384,3.0
3385,3.0
3386,3.0
3387,4.0
3388,3.0
3389,4.0
3390,3.0
3391,2.0
3392,1.0
3393,1.0
3394,2.0
3395,1.0
3396,2.0
3397,2.0
3398,2.0
3399,3.0
3400,2.0
3401,3.0
3402,2.0
3403,1.0
3404,2.0
3405,3.0
3406,2.0
3407,2.0
3408,3.0
3409,3.0
3410,3.0
3411,3.0
3412,2.0
3413,3.0
3414,2.0
3415,3.0
3416,3.0
3417,3.0
3418,3.0
3419,3.0
3420,3.0
3421,3.0
3422,4.0
3423,3.0
3424,3.0
3425,3.0
3426,3.0
3427,4.0
3428,3.0
3429,2.0
3430,2.0
3431,3.0
3432,3.0
3433,3.0
3434,3.0
3435,3.0
3436,4.0
3437,3.0
3438,3.0
3439,3.0
3440,2.0
3441,1.0
3442,1.0
3443,2.0
3444,2.0
3445,2.0
3446,2.0
3447,1.0
3448,1.0
3449,1.0
3450,2.0
3451,2.0
3452,1.0
3453,2.0
3454,1.0
3455,1.0
3456,3.0
3457,3.0
3458,4.0
3459,3.0
3460,3.0
3461,3.0
3462,3.0
3463,3.0
3464,3.0
3465,3.0
3466,3.0
3467,3.0
3468,4.0
3469,3.0
3470,3.0
3471,3.0
3472,3.0
3473,4.0
3474,3.0
3475,3.0
3476,3.0
3477,3.0
3478,3.0
3479,3.0
3480,4.0
3481,3.0
3482,3.0
3483,3.0
3484,3.0
3485,2.0
3486,2.0
3487,2.0
3488,2.0
3489,3.0
3490,3.0
3491,3.0
3492,3.0
3493,3.0
3494,4.0
3495,2.0
3496,3.0
3497,4.0
3498,3.0
3499,3.0
3500,2.0
3501,4.0
3502,3.0
3503,4.0
3504,2.0
3505,2.0
3506,3.0
3507,3.0
3508,3.0
3509,4.0
3510,3.0
3511,3.0
3512,3.0
3513,2.0
3514,2.0
3515,3.0
3516,3.0
3517,3.0
3518,3.0
3519,3.0
3520,3.0
3521,3.0
3522,3.0
3523,3.0
3524,3.0
3525,3.0
3526,3.0
3527,3.0
3528,3.0
3529,2.0
3530,3.0
3531,2.0
3532,3.0
3533,2.0
3534,3.0
3535,1.0
3536,1.0
3537,2.0
3538,2.0
3539,2.0
3540,2.0
3541,3.0
3542,3.0
3543,2.0
3544,2.0
3545,2.0
3546,2.0
3547,4.0
3548,3.0
3549,3.0
3550,4.0
3551,3.0
3552,3.0
3553,3.0
3554,3.0
3555,3.0
3556,3.0
3557,3.0
3558,3.0
3559,2.0
3560,4.0
3561,3.0
3562,3.0
3563,2.0
3564,3.0
3565,3.0
3566,3.0
3567,3.0
3568,3.0
3569,3.0
3570,3.0
3571,2.0
3572,3.0
3573,3.0
3574,3.0
3575,3.0
3576,3.0
3577,2.0
3578,3.0
3579,2.0
3580,3.0
3581,3.0
3582,3.0
3583,2.0
3584,3.0
3585,3.0
3586,3.0
3587,4.0
3588,3.0
3589,3.0
3590,3.0
3591,3.0
3592,3.0
3593,4.0
3594,3.0
3595,3.0
3596,3.0
3597,2.0
3598,3.0
3599,4.0
3600,3.0
3601,3.0
3602,2.0
3603,3.0
3604,4.0
3605,3.0
3606,3.0
3607,3.0
3608,4.0
3609,3.0
3610,2.0
3611,3.0
3612,2.0
3613,3.0
3614,3.0
3615,3.0
3616,2.0
3617,2.0
3618,3.0
3619,3.0
3620,3.0
3621,3.0
3622,2.0
3623,3.0
3624,3.0
3625,3.0
3626,4.0
3627,2.0
3628,3.0
3629,3.0
3630,3.0
3631,3.0
3632,4.0
3633,3.0
3634,3.0
3635,3.0
3636,2.0
3637,2.0
3638,3.0
3639,2.0
3640,3.0
3641,3.0
3642,3.0
3643,3.0
3644,2.0
3645,4.0
3646,3.0
3647,3.0
3648,3.0
3649,3.0
3650,3.0
3651,4.0
3652,3.0
3653,3.0
3654,3.0
3655,3.0
3656,3.0
3657,3.0
3658,2.0
3659,3.0
3660,3.0
3661,3.0
3662,3.0
3663,4.0
3664,2.0
3665,2.0
3666,2.0
3667,2.0
3668,3.0
3669,3.0
3670,3.0
3671,3.0
3672,3.0
3673,3.0
3674,3.0
3675,3.0
3676,3.0
3677,3.0
3678,3.0
3679,4.0
3680,3.0
3681,3.0
3682,3.0
3683,3.0
3684,3.0
3685,3.0
3686,3.0
3687,2.0
3688,3.0
3689,3.0
3690,3.0
3691,2.0
3692,2.0
3693,2.0
3694,3.0
3695,3.0
3696,3.0
3697,1.0
3698,3.0
3699,2.0
3700,3.0
3701,3.0
3702,2.0
3703,2.0
3704,1.0
3705,3.0
3706,3.0
3707,3.0
3708,3.0
3709,3.0
3710,3.0
3711,3.0
3712,3.0
3713,3.0
3714,2.0
3715,3.0
3716,2.0
3717,2.0
3718,2.0
3719,2.0
3720,2.0
3721,2.0
3722,2.0
3723,2.0
3724,2.0
3725,3.0
3726,3.0
3727,3.0
3728,2.0
3729,3.0
3730,2.0
3731,1.0
3732,2.0
3733,2.0
3734,2.0
3735,2.0
3736,3.0
3737,2.0
3738,2.0
3739,1.0
3740,1.0
3741,2.0
3742,2.0
3743,2.0
3744,2.0
3745,2.0
3746,3.0
3747,3.0
3748,3.0
3749,3.0
3750,3.0
3751,3.0
3752,3.0
3753,4.0
3754,3.0
3755,2.0
3756,3.0
3757,3.0
3758,4.0
3759,3.0
3760,3.0
3761,3.0
3762,3.0
3763,3.0
3764,2.0
3765,2.0
3766,3.0
3767,3.0
3768,3.0
3769,3.0
3770,3.0
3771,3.0
3772,3.0
3773,3.0
3774,3.0
3775,2.0
3776,1.0
3777,1.0
3778,2.0
3779,1.0
3780,1.0
3781,1.0
3782,2.0
3783,1.0
3784,2.0
3785,1.0
3786,1.0
3787,2.0
3788,2.0
3789,3.0
3790,2.0
3791,2.0
3792,3.0
3793,3.0
3794,2.0
3795,5.0
3796,4.0
3797,4.0
3798,5.0
3799,4.0
3800,4.0
3801,4.0
3802,5.0
3803,4.0
3804,4.0
3805,3.0
3806,4.0
3807,3.0
3808,5.0
3809,4.0
3810,4.0
3811,5.0
3812,4.0
3813,4.0
3814,4.0
3815,4.0
3816,4.0
3817,4.0
3818,4.0
3819,4.0
3820,4.0
3821,4.0
3822,3.0
3823,3.0
3824,3.0
3825,2.0
3826,3.0
3827,2.0
3828,3.0
3829,2.0
3830,3.0
3831,3.0
3832,3.0
3833,3.0
3834,3.0
3835,3.0
3836,1.0
3837,3.0
3838,2.0
3839,2.0
3840,2.0
3841,3.0
3842,2.0
3843,5.0
3844,4.0
3845,5.0
3846,4.0
3847,4.0
3848,4.0
3849,4.0
3850,4.0
3851,4.0
3852,3.0
3853,5.0
3854,4.0
3855,4.0
3856,4.0
3857,4.0
3858,4.0
3859,4.0
3860,4.0
3861,4.0
3862,4.0
3863,4.0
3864,4.0
3865,4.0
3866,3.0
3867,4.0
3868,3.0
3869,4.0
3870,4.0
3871,4.0
3872,4.0
3873,4.0
3874,4.0
3875,5.0
3876,4.0
3877,4.0
3878,3.0
3879,3.0
3880,3.0
3881,3.0
3882,3.0
3883,3.0
3884,3.0
3885,3.0
3886,4.0
3887,4.0
3888,5.0
3889,4.0
3890,4.0
3891,4.0
3892,5.0
3893,4.0
3894,4.0
3895,3.0
3896,4.0
3897,4.0
3898,4.0
3899,4.0
3900,4.0
3901,4.0
3902,4.0
3903,4.0
3904,4.0
3905,4.0
3906,4.0
3907,4.0
3908,4.0
3909,4.0
3910,4.0
3911,4.0
3912,4.0
3913,5.0
3914,5.0
3915,4.0
3916,3.0
3917,4.0
3918,4.0
3919,4.0
3920,4.0
3921,4.0
3922,3.0
3923,4.0
3924,4.0
3925,4.0
3926,4.0
3927,3.0
3928,3.0
3929,3.0
3930,3.0
3931,3.0
3932,3.0
3933,3.0
3934,3.0
3935,3.0
3936,3.0
3937,3.0
3938,3.0
3939,4.0
3940,3.0
3941,3.0
3942,3.0
3943,2.0
3944,2.0
3945,3.0
3946,4.0
3947,3.0
3948,4.0
3949,3.0
3950,3.0
3951,3.0
3952,3.0
3953,2.0
3954,3.0
3955,3.0
3956,2.0
3957,3.0
3958,3.0
3959,3.0
3960,3.0
3961,3.0
3962,3.0
3963,3.0
3964,3.0
3965,3.0
3966,3.0
3967,3.0
3968,3.0
3969,3.0
3970,4.0
3971,3.0
3972,3.0
3973,3.0
3974,4.0
3975,3.0
3976,3.0
3977,3.0
3978,3.0
3979,3.0
3980,3.0
3981,3.0
3982,3.0
3983,3.0
3984,3.0
3985,3.0
3986,2.0
3987,2.0
3988,3.0
3989,3.0
3990,3.0
3991,3.0
3992,3.0
3993,4.0
3994,3.0
3995,3.0
3996,3.0
3997,3.0
3998,3.0
3999,3.0
4000,3.0
4001,3.0
4002,3.0
4003,4.0
4004,3.0
4005,3.0
4006,4.0
4007,3.0
4008,3.0
4009,3.0
4010,4.0
4011,4.0
4012,3.0
4013,3.0
4014,3.0
4015,3.0
4016,3.0
4017,4.0
4018,2.0
4019,3.0
4020,3.0
4021,3.0
4022,2.0
4023,2.0
4024,2.0
4025,2.0
4026,1.0
4027,2.0
4028,1.0
4029,2.0
4030,2.0
4031,2.0
4032,2.0
4033,2.0
4034,2.0
4035,2.0
4036,1.0
4037,2.0
4038,2.0
4039,3.0
4040,3.0
4041,2.0
4042,3.0
4043,4.0
4044,3.0
4045,4.0
4046,2.0
4047,2.0
4048,2.0
4049,1.0
4050,2.0
4051,2.0
4052,2.0
4053,1.0
4054,2.0
4055,3.0
4056,2.0
4057,3.0
4058,2.0
4059,3.0
4060,2.0
4061,2.0
4062,1.0
4063,1.0
4064,2.0
4065,3.0
4066,2.0
4067,1.0
4068,2.0
4069,2.0
4070,1.0
4071,1.0
4072,1.0
4073,2.0
4074,1.0
4075,2.0
4076,2.0
4077,2.0
4078,2.0
4079,3.0
4080,3.0
4081,3.0
4082,3.0
4083,3.0
4084,3.0
4085,3.0
4086,3.0
4087,3.0
4088,3.0
4089,3.0
4090,3.0
4091,3.0
4092,3.0
4093,3.0
4094,3.0
4095,3.0
4096,3.0
4097,3.0
4098,3.0
4099,4.0
4100,3.0
4101,3.0
4102,4.0
4103,3.0
4104,3.0
4105,3.0
4106,2.0
4107,4.0
4108,2.0
4109,3.0
4110,3.0
4111,4.0
4112,3.0
4113,2.0
4114,2.0
4115,2.0
4116,2.0
4117,3.0
4118,2.0
4119,2.0
4120,3.0
4121,2.0
4122,3.0
4123,3.0
4124,3.0
4125,4.0
4126,3.0
4127,2.0
4128,4.0
4129,4.0
4130,2.0
4131,3.0
4132,2.0
4133,2.0
4134,3.0
4135,3.0
4136,3.0
4137,3.0
4138,3.0
4139,4.0
4140,3.0
4141,3.0
4142,3.0
4143,3.0
4144,2.0
4145,3.0
4146,4.0
4147,4.0
4148,3.0
4149,3.0
4150,3.0
4151,3.0
4152,3.0
4153,3.0
4154,4.0
4155,2.0
4156,3.0
4157,3.0
4158,3.0
4159,3.0
4160,3.0
4161,3.0
4162,2.0
4163,3.0
4164,2.0
4165,2.0
4166,3.0
4167,2.0
4168,2.0
4169,3.0
4170,2.0
4171,1.0
4172,3.0
4173,3.0
4174,3.0
4175,2.0
4176,2.0
4177,2.0
4178,3.0
4179,3.0
4180,2.0
4181,2.0
4182,2.0
4183,2.0
4184,2.0
4185,2.0
4186,1.0
4187,1.0
4188,2.0
4189,2.0
4190,2.0
4191,1.0
4192,2.0
4193,2.0
4194,2.0
4195,2.0
4196,2.0
4197,1.0
4198,3.0
4199,3.0
4200,1.0
4201,3.0
4202,4.0
4203,2.0
4204,1.0
4205,2.0
4206,1.0
4207,2.0
4208,2.0
4209,2.0
4210,2.0
4211,2.0
4212,3.0
4213,2.0
4214,3.0
4215,2.0
4216,2.0
4217,2.0
4218,1.0
4219,3.0
4220,2.0
4221,2.0
4222,4.0
4223,3.0
4224,3.0
4225,3.0
4226,3.0
4227,2.0
4228,3.0
4229,2.0
4230,2.0
4231,3.0
4232,2.0
4233,2.0
4234,3.0
4235,2.0
4236,3.0
4237,2.0
4238,2.0
4239,2.0
4240,2.0
4241,2.0
4242,2.0
4243,2.0
4244,2.0
4245,2.0
4246,2.0
4247,2.0
4248,2.0
4249,2.0
4250,2.0
4251,2.0
4252,2.0
4253,2.0
4254,2.0
4255,2.0
4256,2.0
4257,2.0
4258,2.0
4259,1.0
4260,1.0
4261,2.0
4262,2.0
4263,2.0
4264,2.0
4265,2.0
4266,3.0
4267,3.0
4268,2.0
4269,2.0
4270,2.0
4271,2.0
4272,2.0
4273,2.0
4274,2.0
4275,2.0
4276,2.0
4277,2.0
4278,2.0
4279,2.0
4280,2.0
4281,2.0
4282,2.0
4283,3.0
4284,2.0
4285,3.0
4286,3.0
4287,3.0
4288,3.0
4289,3.0
4290,3.0
4291,4.0
4292,4.0
4293,4.0
4294,3.0
4295,3.0
4296,2.0
4297,3.0
4298,3.0
4299,3.0
4300,3.0
4301,3.0
4302,3.0
4303,3.0
4304,4.0
4305,3.0
4306,2.0
4307,3.0
4308,3.0
4309,3.0
4310,3.0
4311,4.0
4312,3.0
4313,3.0
4314,3.0
4315,2.0
4316,3.0
4317,3.0
4318,3.0
4319,4.0
4320,3.0
4321,3.0
4322,3.0
4323,3.0
4324,3.0
4325,4.0
4326,2.0
4327,3.0
4328,3.0
4329,2.0
4330,2.0
4331,2.0
4332,2.0
4333,3.0
4334,3.0
4335,4.0
4336,2.0
4337,3.0
4338,3.0
4339,3.0
4340,3.0
4341,4.0
4342,4.0
4343,3.0
4344,3.0
4345,2.0
4346,2.0
4347,3.0
4348,2.0
4349,2.0
4350,2.0
4351,1.0
4352,2.0
4353,1.0
4354,1.0
4355,2.0
4356,3.0
4357,2.0
4358,2.0
4359,2.0
4360,2.0
4361,2.0
4362,2.0
4363,3.0
4364,2.0
4365,2.0
4366,2.0
4367,4.0
4368,2.0
4369,3.0
4370,2.0
4371,3.0
4372,3.0
4373,3.0
4374,3.0
4375,3.0
4376,3.0
4377,3.0
4378,3.0
4379,3.0
4380,3.0
4381,3.0
4382,3.0
4383,3.0
4384,3.0
4385,3.0
4386,4.0
4387,3.0
4388,3.0
4389,3.0
4390,3.0
4391,3.0
4392,3.0
4393,3.0
4394,3.0
4395,4.0
4396,2.0
4397,2.0
4398,2.0
4399,2.0
4400,2.0
4401,3.0
4402,2.0
4403,1.0
4404,2.0
4405,2.0
4406,1.0
4407,1.0
4408,2.0
4409,2.0
4410,2.0
4411,2.0
4412,3.0
4413,2.0
4414,2.0
4415,2.0
4416,3.0
4417,4.0
4418,3.0
4419,3.0
4420,3.0
4421,3.0
4422,3.0
4423,3.0
4424,3.0
4425,3.0
4426,3.0
4427,3.0
4428,4.0
4429,3.0
4430,3.0
4431,4.0
4432,3.0
4433,3.0
4434,3.0
4435,3.0
4436,3.0
4437,3.0
4438,3.0
4439,3.0
4440,3.0
4441,3.0
4442,3.0
4443,3.0
4444,3.0
4445,2.0
4446,1.0
4447,2.0
4448,2.0
4449,2.0
4450,2.0
4451,1.0
4452,2.0
4453,2.0
4454,3.0
4455,2.0
4456,3.0
4457,1.0
4458,2.0
4459,3.0
4460,3.0
4461,3.0
4462,4.0
4463,3.0
4464,3.0
4465,3.0
4466,3.0
4467,3.0
4468,4.0
4469,3.0
4470,3.0
4471,4.0
4472,3.0
4473,2.0
4474,2.0
4475,3.0
4476,2.0
4477,3.0
4478,3.0
4479,2.0
4480,3.0
4481,2.0
4482,1.0
4483,3.0
4484,3.0
4485,3.0
4486,4.0
4487,3.0
4488,3.0
4489,3.0
4490,3.0
4491,2.0
4492,2.0
4493,2.0
4494,2.0
4495,2.0
4496,2.0
4497,2.0
4498,2.0
4499,2.0
4500,2.0
4501,4.0
4502,2.0
4503,3.0
4504,2.0
4505,1.0
4506,3.0
4507,2.0
4508,1.0
4509,1.0
4510,4.0
4511,3.0
4512,3.0
4513,3.0
4514,3.0
4515,3.0
4516,3.0
4517,3.0
4518,3.0
4519,3.0
4520,3.0
4521,4.0
4522,3.0
4523,3.0
4524,3.0
4525,4.0
4526,3.0
4527,4.0
4528,3.0
4529,4.0
4530,3.0
4531,3.0
4532,3.0
4533,3.0
4534,3.0
4535,3.0
4536,3.0
4537,2.0
4538,3.0
4539,3.0
4540,3.0
4541,3.0
4542,4.0
4543,4.0
4544,1.0
4545,3.0
4546,3.0
4547,2.0
4548,1.0
4549,2.0
4550,2.0
4551,2.0
4552,2.0
4553,1.0
4554,2.0
4555,1.0
4556,4.0
4557,3.0
4558,3.0
4559,3.0
4560,3.0
4561,3.0
4562,3.0
4563,3.0
4564,3.0
4565,3.0
4566,2.0
4567,3.0
4568,2.0
4569,3.0
4570,3.0
4571,2.0
4572,3.0
4573,4.0
4574,3.0
4575,3.0
4576,3.0
4577,4.0
4578,3.0
4579,3.0
4580,3.0
4581,3.0
4582,3.0
4583,2.0
4584,2.0
4585,3.0
4586,2.0
4587,2.0
4588,1.0
4589,1.0
4590,2.0
4591,1.0
4592,2.0
4593,2.0
4594,2.0
4595,3.0
4596,2.0
4597,2.0
4598,2.0
4599,2.0
4600,2.0
4601,1.0
4602,3.0
4603,2.0
4604,2.0
4605,2.0
4606,2.0
4607,2.0
4608,2.0
4609,3.0
4610,2.0
4611,2.0
4612,1.0
4613,1.0
4614,2.0
4615,2.0
4616,2.0
4617,2.0
4618,1.0
4619,2.0
4620,3.0
4621,2.0
4622,2.0
4623,2.0
4624,3.0
4625,2.0
4626,2.0
4627,2.0
4628,1.0
4629,2.0
4630,2.0
4631,2.0
4632,2.0
4633,2.0
4634,2.0
4635,2.0
4636,2.0
4637,3.0
4638,2.0
4639,2.0
4640,2.0
4641,4.0
4642,3.0
4643,3.0
4644,3.0
4645,2.0
4646,3.0
4647,4.0
4648,3.0
4649,4.0
4650,3.0
4651,3.0
4652,2.0
4653,3.0
4654,3.0
4655,3.0
4656,3.0
4657,3.0
4658,3.0
4659,3.0
4660,3.0
4661,3.0
4662,2.0
4663,3.0
4664,3.0
4665,2.0
4666,2.0
4667,2.0
4668,3.0
4669,3.0
4670,3.0
4671,3.0
4672,3.0
4673,4.0
4674,3.0
4675,3.0
4676,3.0
4677,4.0
4678,3.0
4679,3.0
4680,2.0
4681,3.0
4682,3.0
4683,3.0
4684,4.0
4685,4.0
4686,4.0
4687,4.0
4688,3.0
4689,3.0
4690,2.0
4691,3.0
4692,3.0
4693,3.0
4694,3.0
4695,3.0
4696,3.0
4697,2.0
4698,2.0
4699,4.0
4700,3.0
4701,3.0
4702,3.0
4703,3.0
4704,3.0
4705,3.0
4706,3.0
4707,2.0
4708,3.0
4709,3.0
4710,3.0
4711,3.0
4712,3.0
4713,3.0
4714,3.0
4715,3.0
4716,3.0
4717,3.0
4718,3.0
4719,3.0
4720,2.0
4721,3.0
4722,3.0
4723,3.0
4724,3.0
4725,4.0
4726,3.0
4727,4.0
4728,2.0
4729,3.0
4730,4.0
4731,3.0
4732,2.0
4733,3.0
4734,3.0
4735,2.0
4736,2.0
4737,1.0
4738,2.0
4739,2.0
4740,2.0
4741,2.0
4742,2.0
4743,2.0
4744,2.0
4745,2.0
4746,2.0
4747,2.0
4748,2.0
4749,2.0
4750,2.0
4751,2.0
4752,2.0
4753,2.0
4754,2.0
4755,1.0
4756,3.0
4757,2.0
4758,1.0
4759,2.0
4760,2.0
4761,2.0
4762,2.0
4763,3.0
4764,2.0
4765,2.0
4766,1.0
4767,1.0
4768,2.0
4769,2.0
4770,1.0
4771,1.0
4772,2.0
4773,2.0
4774,2.0
4775,2.0
4776,2.0
4777,2.0
4778,1.0
4779,3.0
4780,3.0
4781,2.0
4782,3.0
4783,2.0
4784,2.0
4785,1.0
4786,2.0
4787,2.0
4788,2.0
4789,2.0
4790,2.0
4791,2.0
4792,1.0
4793,2.0
4794,2.0
4795,3.0
4796,2.0
4797,2.0
4798,2.0
4799,2.0
4800,2.0
4801,3.0
4802,2.0
4803,2.0
4804,2.0
4805,2.0
4806,2.0
4807,2.0
4808,2.0
4809,2.0
4810,2.0
4811,2.0
4812,2.0
4813,3.0
4814,2.0
4815,2.0
4816,2.0
4817,2.0
4818,2.0
4819,2.0
4820,2.0
4821,2.0
4822,2.0
4823,2.0
4824,2.0
4825,2.0
4826,2.0
4827,3.0
4828,3.0
4829,3.0
4830,2.0
4831,2.0
4832,3.0
4833,3.0
4834,3.0
4835,3.0
4836,3.0
4837,3.0
4838,3.0
4839,3.0
4840,3.0
4841,3.0
4842,3.0
4843,3.0
4844,3.0
4845,3.0
4846,3.0
4847,3.0
4848,4.0
4849,3.0
4850,3.0
4851,3.0
4852,3.0
4853,3.0
4854,2.0
4855,3.0
4856,2.0
4857,2.0
4858,3.0
4859,3.0
4860,3.0
4861,3.0
4862,3.0
4863,2.0
4864,2.0
4865,2.0
4866,2.0
4867,2.0
4868,2.0
4869,2.0
4870,2.0
4871,3.0
4872,2.0
4873,2.0
4874,1.0
4875,4.0
4876,3.0
4877,2.0
4878,2.0
4879,3.0
4880,4.0
4881,3.0
4882,3.0
4883,3.0
4884,3.0
4885,3.0
4886,3.0
4887,3.0
4888,3.0
4889,3.0
4890,3.0
4891,3.0
4892,2.0
4893,2.0
4894,2.0
4895,3.0
4896,3.0
4897,3.0
4898,3.0
4899,3.0
4900,3.0
4901,3.0
4902,4.0
4903,3.0
4904,2.0
4905,2.0
4906,3.0
4907,2.0
4908,2.0
4909,2.0
4910,2.0
4911,2.0
4912,2.0
4913,1.0
4914,2.0
4915,2.0
4916,3.0
4917,2.0
4918,2.0
4919,2.0
4920,2.0
4921,2.0
4922,2.0
4923,2.0
4924,2.0
4925,2.0
4926,2.0
4927,2.0
4928,3.0
4929,2.0
4930,2.0
4931,2.0
4932,2.0
4933,2.0
4934,2.0
4935,2.0
4936,3.0
4937,2.0
4938,2.0
4939,2.0
4940,2.0
4941,1.0
4942,1.0
4943,2.0
4944,2.0
4945,2.0
4946,2.0
4947,2.0
4948,1.0
4949,2.0
4950,2.0
4951,2.0
4952,2.0
4953,2.0
4954,2.0
4955,1.0
4956,2.0
4957,2.0
4958,2.0
4959,2.0
4960,2.0
4961,1.0
4962,2.0
4963,2.0
4964,1.0
4965,2.0
4966,2.0
4967,2.0
4968,2.0
4969,2.0
4970,2.0
4971,1.0
4972,2.0
4973,2.0
4974,2.0
4975,2.0
4976,3.0
4977,1.0
4978,2.0
4979,2.0
4980,1.0
4981,2.0
4982,1.0
4983,2.0
4984,2.0
4985,2.0
4986,3.0
4987,2.0
4988,2.0
4989,2.0
4990,1.0
4991,2.0
4992,1.0
4993,2.0
4994,2.0
4995,2.0
4996,2.0
4997,1.0
4998,2.0
4999,2.0
5000,2.0
5001,2.0
5002,3.0
5003,2.0
5004,2.0
5005,1.0
5006,3.0
5007,2.0
5008,1.0
5009,1.0
5010,2.0
5011,2.0
5012,2.0
5013,2.0
5014,2.0
5015,2.0
5016,2.0
5017,2.0
5018,2.0
5019,2.0
5020,2.0
5021,2.0
5022,3.0
5023,4.0
5024,3.0
5025,2.0
5026,2.0
5027,1.0
5028,3.0
5029,2.0
5030,2.0
5031,3.0
5032,3.0
5033,4.0
5034,3.0
5035,3.0
5036,3.0
5037,3.0
5038,3.0
5039,3.0
5040,3.0
5041,3.0
5042,3.0
5043,3.0
5044,3.0
5045,3.0
5046,3.0
5047,4.0
5048,2.0
5049,2.0
5050,3.0
5051,2.0
5052,3.0
5053,3.0
5054,3.0
5055,4.0
5056,3.0
5057,3.0
5058,3.0
5059,2.0
5060,3.0
5061,3.0
5062,3.0
5063,3.0
5064,4.0
5065,3.0
5066,3.0
5067,3.0
5068,2.0
5069,3.0
5070,3.0
5071,3.0
5072,2.0
5073,2.0
5074,3.0
5075,2.0
5076,2.0
5077,2.0
5078,2.0
5079,2.0
5080,3.0
5081,3.0
5082,2.0
5083,2.0
5084,2.0
5085,2.0
5086,2.0
5087,3.0
5088,3.0
5089,4.0
5090,3.0
5091,3.0
5092,3.0
5093,3.0
5094,3.0
5095,3.0
5096,3.0
5097,3.0
5098,2.0
5099,3.0
5100,4.0
5101,4.0
5102,3.0
5103,3.0
5104,4.0
5105,4.0
5106,3.0
5107,4.0
5108,3.0
5109,3.0
5110,2.0
5111,3.0
5112,3.0
5113,3.0
5114,3.0
5115,2.0
5116,2.0
5117,3.0
5118,3.0
5119,3.0
5120,3.0
5121,2.0
5122,2.0
5123,3.0
5124,4.0
5125,2.0
5126,2.0
5127,1.0
5128,2.0
5129,2.0
5130,2.0
5131,2.0
5132,1.0
5133,2.0
5134,2.0
5135,2.0
5136,2.0
5137,2.0
5138,2.0
5139,2.0
5140,2.0
5141,2.0
5142,2.0
5143,2.0
5144,2.0
5145,2.0
5146,1.0
5147,1.0
5148,1.0
5149,2.0
5150,2.0
5151,2.0
5152,2.0
5153,2.0
5154,2.0
5155,2.0
5156,2.0
5157,2.0
5158,2.0
5159,3.0
5160,3.0
5161,4.0
5162,3.0
5163,3.0
5164,2.0
5165,3.0
5166,3.0
5167,3.0
5168,3.0
5169,3.0
5170,3.0
5171,3.0
5172,3.0
5173,3.0
5174,2.0
5175,2.0
5176,3.0
5177,3.0
5178,3.0
5179,3.0
5180,3.0
5181,2.0
5182,2.0
5183,3.0
5184,3.0
5185,2.0
5186,3.0
5187,3.0
5188,2.0
5189,2.0
5190,2.0
5191,2.0
5192,2.0
5193,2.0
5194,3.0
5195,3.0
5196,3.0
5197,3.0
5198,3.0
5199,3.0
5200,3.0
5201,3.0
5202,3.0
5203,3.0
5204,2.0
5205,3.0
5206,2.0
5207,3.0
5208,4.0
5209,2.0
5210,3.0
5211,2.0
5212,3.0
5213,3.0
5214,3.0
5215,3.0
5216,3.0
5217,3.0
5218,3.0
5219,4.0
5220,3.0
5221,2.0
5222,3.0
5223,3.0
5224,3.0
5225,2.0
5226,4.0
5227,3.0
5228,2.0
5229,3.0
5230,3.0
5231,3.0
5232,4.0
5233,3.0
5234,3.0
5235,3.0
5236,2.0
5237,2.0
5238,2.0
5239,4.0
5240,3.0
5241,4.0
5242,3.0
5243,4.0
5244,3.0
5245,3.0
5246,3.0
5247,4.0
5248,3.0
5249,3.0
5250,3.0
5251,2.0
5252,4.0
5253,3.0
5254,3.0
5255,3.0
5256,3.0
5257,3.0
5258,3.0
5259,2.0
5260,2.0
5261,3.0
5262,3.0
5263,4.0
5264,3.0
5265,3.0
5266,3.0
5267,3.0
5268,3.0
5269,3.0
5270,3.0
5271,3.0
5272,2.0
5273,3.0
5274,3.0
5275,3.0
5276,2.0
5277,3.0
5278,2.0
5279,2.0
5280,3.0
5281,4.0
5282,2.0
5283,3.0
5284,3.0
5285,4.0
5286,2.0
5287,2.0
5288,2.0
5289,2.0
5290,2.0
5291,3.0
5292,2.0
5293,2.0
5294,1.0
5295,2.0
5296,2.0
5297,2.0
5298,2.0
5299,2.0
5300,2.0
5301,2.0
5302,2.0
5303,3.0
5304,2.0
5305,3.0
5306,2.0
5307,2.0
5308,2.0
5309,1.0
5310,2.0
5311,1.0
5312,2.0
5313,3.0
5314,2.0
5315,2.0
5316,1.0
5317,2.0
5318,2.0
5319,2.0
5320,1.0
5321,2.0
5322,1.0
5323,1.0
5324,2.0
5325,2.0
5326,2.0
5327,2.0
5328,2.0
5329,2.0
5330,2.0
5331,2.0
5332,2.0
5333,2.0
5334,3.0
5335,1.0
5336,2.0
5337,2.0
5338,2.0
5339,2.0
5340,2.0
5341,1.0
5342,2.0
5343,2.0
5344,2.0
5345,2.0
5346,3.0
5347,1.0
5348,3.0
5349,1.0
5350,2.0
5351,2.0
5352,3.0
5353,2.0
5354,2.0
5355,2.0
5356,2.0
5357,3.0
5358,2.0
5359,2.0
5360,1.0
5361,2.0
5362,2.0
5363,2.0
5364,2.0
5365,2.0
5366,2.0
5367,2.0
5368,2.0
5369,2.0
5370,2.0
5371,2.0
5372,2.0
5373,2.0
5374,2.0
5375,2.0
5376,2.0
5377,3.0
5378,2.0
5379,2.0
5380,1.0
5381,2.0
5382,1.0
5383,2.0
5384,3.0
5385,3.0
5386,2.0
5387,3.0
5388,3.0
5389,2.0
5390,4.0
5391,3.0
5392,4.0
5393,3.0
5394,4.0
5395,3.0
5396,3.0
5397,3.0
5398,2.0
5399,4.0
5400,3.0
5401,2.0
5402,2.0
5403,4.0
5404,4.0
5405,3.0
5406,2.0
5407,3.0
5408,2.0
5409,2.0
5410,3.0
5411,3.0
5412,3.0
5413,3.0
5414,3.0
5415,2.0
5416,1.0
5417,2.0
5418,2.0
5419,2.0
5420,2.0
5421,3.0
5422,2.0
5423,3.0
5424,3.0
5425,2.0
5426,3.0
5427,2.0
5428,3.0
5429,3.0
5430,3.0
5431,3.0
5432,4.0
5433,3.0
5434,3.0
5435,2.0
5436,3.0
5437,3.0
5438,3.0
5439,3.0
5440,3.0
5441,2.0
5442,3.0
5443,3.0
5444,3.0
5445,3.0
5446,3.0
5447,4.0
5448,3.0
5449,2.0
5450,3.0
5451,2.0
5452,4.0
5453,3.0
5454,2.0
5455,2.0
5456,2.0
5457,3.0
5458,4.0
5459,3.0
5460,3.0
5461,2.0
5462,2.0
5463,2.0
5464,2.0
5465,3.0
5466,3.0
5467,2.0
5468,2.0
5469,2.0
5470,3.0
5471,3.0
5472,2.0
5473,4.0
5474,2.0
5475,4.0
5476,4.0
5477,2.0
5478,2.0
5479,2.0
5480,3.0
5481,3.0
5482,2.0
5483,3.0
5484,3.0
5485,2.0
5486,2.0
5487,3.0
5488,2.0
5489,2.0
5490,2.0
5491,2.0
5492,1.0
5493,2.0
5494,2.0
5495,1.0
5496,2.0
5497,2.0
5498,3.0
5499,2.0
5500,1.0
5501,1.0
5502,2.0
5503,2.0
5504,1.0
5505,2.0
5506,3.0
5507,1.0
5508,2.0
5509,1.0
5510,1.0
5511,2.0
5512,2.0
5513,1.0
5514,1.0
5515,2.0
5516,2.0
5517,2.0
5518,1.0
5519,3.0
5520,2.0
5521,3.0
5522,2.0
5523,3.0
5524,3.0
5525,3.0
5526,3.0
5527,2.0
5528,2.0
5529,2.0
5530,1.0
5531,3.0
5532,2.0
5533,2.0
5534,2.0
5535,2.0
5536,2.0
5537,1.0
5538,2.0
5539,2.0
5540,2.0
5541,2.0
5542,2.0
5543,2.0
5544,2.0
5545,2.0
5546,2.0
5547,3.0
5548,3.0
5549,2.0
5550,1.0
5551,3.0
5552,2.0
5553,2.0
5554,2.0
5555,1.0
5556,2.0
5557,2.0
5558,2.0
5559,1.0
5560,2.0
5561,2.0
5562,2.0
5563,2.0
5564,2.0
5565,2.0
5566,2.0
5567,2.0
5568,2.0
5569,2.0
5570,2.0
5571,2.0
5572,2.0
5573,2.0
5574,2.0
5575,2.0
5576,2.0
5577,2.0
5578,2.0
5579,2.0
5580,2.0
5581,3.0
5582,2.0
5583,1.0
5584,2.0
5585,2.0
5586,2.0
5587,2.0
5588,2.0
5589,2.0
5590,1.0
5591,2.0
5592,2.0
5593,3.0
5594,3.0
5595,3.0
5596,2.0
5597,1.0
5598,2.0
5599,2.0
5600,2.0
5601,2.0
5602,3.0
5603,3.0
5604,3.0
5605,2.0
5606,3.0
5607,3.0
5608,3.0
5609,3.0
5610,3.0
5611,3.0
5612,3.0
5613,2.0
5614,3.0
5615,3.0
5616,3.0
5617,3.0
5618,2.0
5619,4.0
5620,4.0
5621,3.0
5622,3.0
5623,3.0
5624,3.0
5625,3.0
5626,3.0
5627,3.0
5628,3.0
5629,3.0
5630,3.0
5631,3.0
5632,4.0
5633,3.0
5634,3.0
5635,2.0
5636,3.0
5637,3.0
5638,3.0
5639,3.0
5640,3.0
5641,3.0
5642,2.0
5643,2.0
5644,2.0
5645,1.0
5646,3.0
5647,3.0
5648,4.0
5649,3.0
5650,3.0
5651,3.0
5652,3.0
5653,4.0
5654,2.0
5655,3.0
5656,3.0
5657,3.0
5658,3.0
5659,3.0
5660,3.0
5661,3.0
5662,3.0
5663,3.0
5664,3.0
5665,3.0
5666,3.0
5667,4.0
5668,3.0
5669,3.0
5670,3.0
5671,3.0
5672,4.0
5673,3.0
5674,3.0
5675,3.0
5676,4.0
5677,3.0
5678,3.0
5679,2.0
5680,3.0
5681,2.0
5682,2.0
5683,3.0
5684,3.0
5685,2.0
5686,2.0
5687,2.0
5688,2.0
5689,2.0
5690,2.0
5691,2.0
5692,3.0
5693,2.0
5694,3.0
5695,2.0
5696,2.0
5697,2.0
5698,1.0
5699,2.0
5700,2.0
5701,2.0
5702,2.0
5703,3.0
5704,2.0
5705,2.0
5706,3.0
5707,2.0
5708,2.0
5709,2.0
5710,2.0
5711,2.0
5712,2.0
5713,2.0
5714,2.0
5715,2.0
5716,2.0
5717,2.0
5718,1.0
5719,2.0
5720,2.0
5721,2.0
5722,2.0
5723,2.0
5724,1.0
5725,2.0
5726,2.0
5727,2.0
5728,1.0
5729,1.0
5730,2.0
5731,2.0
5732,2.0
5733,2.0
5734,2.0
5735,1.0
5736,3.0
5737,2.0
5738,2.0
5739,1.0
5740,3.0
5741,3.0
5742,3.0
5743,3.0
5744,4.0
5745,2.0
5746,3.0
5747,1.0
5748,2.0
5749,2.0
5750,2.0
5751,3.0
5752,3.0
5753,2.0
5754,2.0
5755,2.0
5756,2.0
5757,2.0
5758,2.0
5759,1.0
5760,2.0
5761,3.0
5762,3.0
5763,2.0
5764,1.0
5765,2.0
5766,1.0
5767,2.0
5768,2.0
5769,3.0
5770,2.0
5771,2.0
5772,2.0
5773,2.0
5774,2.0
5775,2.0
5776,2.0
5777,2.0
5778,1.0
5779,1.0
5780,1.0
5781,1.0
5782,3.0
5783,2.0
5784,2.0
5785,3.0
5786,1.0
5787,3.0
5788,3.0
5789,3.0
5790,2.0
5791,2.0
5792,4.0
5793,3.0
5794,3.0
5795,3.0
5796,3.0
5797,3.0
5798,3.0
5799,2.0
5800,2.0
5801,2.0
5802,2.0
5803,2.0
5804,3.0
5805,3.0
5806,3.0
5807,3.0
5808,3.0
5809,3.0
5810,3.0
5811,3.0
5812,3.0
5813,3.0
5814,2.0
5815,2.0
5816,3.0
5817,3.0
5818,3.0
5819,3.0
5820,3.0
5821,3.0
5822,3.0
5823,2.0
5824,2.0
5825,3.0
5826,3.0
5827,3.0
5828,3.0
5829,2.0
5830,3.0
5831,3.0
5832,4.0
5833,3.0
5834,3.0
5835,4.0
5836,3.0
5837,3.0
5838,3.0
5839,3.0
5840,4.0
5841,3.0
5842,3.0
5843,4.0
5844,4.0
5845,3.0
5846,4.0
5847,4.0
5848,4.0
5849,4.0
5850,3.0
5851,4.0
5852,5.0
5853,4.0
5854,4.0
5855,4.0
5856,3.0
5857,5.0
5858,4.0
5859,4.0
5860,3.0
5861,4.0
5862,4.0
5863,4.0
5864,5.0
5865,4.0
5866,4.0
5867,4.0
5868,4.0
5869,4.0
5870,4.0
5871,4.0
5872,3.0
5873,4.0
5874,4.0
5875,5.0
5876,4.0
5877,4.0
5878,3.0
5879,5.0
5880,4.0
5881,5.0
5882,4.0
5883,3.0
5884,4.0
5885,3.0
5886,4.0
5887,4.0
5888,3.0
5889,3.0
5890,4.0
5891,4.0
5892,4.0
5893,4.0
5894,5.0
5895,4.0
5896,4.0
5897,4.0
5898,4.0
5899,3.0
5900,3.0
5901,4.0
5902,4.0
5903,4.0
5904,4.0
5905,5.0
5906,4.0
5907,3.0
5908,5.0
5909,4.0
5910,4.0
5911,4.0
5912,4.0
5913,4.0
5914,4.0
5915,4.0
5916,2.0
5917,4.0
5918,4.0
5919,4.0
5920,3.0
5921,3.0
5922,3.0
5923,4.0
5924,3.0
5925,4.0
5926,4.0
5927,5.0
5928,3.0
5929,3.0
5930,4.0
5931,4.0
5932,4.0
5933,4.0
5934,3.0
5935,4.0
5936,3.0
5937,3.0
5938,5.0
5939,3.0
5940,3.0
5941,4.0
5942,4.0
5943,3.0
5944,3.0
5945,3.0
5946,3.0
5947,2.0
5948,3.0
5949,2.0
5950,4.0
5951,3.0
5952,3.0
5953,4.0
5954,4.0
5955,5.0
5956,3.0
5957,2.0
5958,4.0
5959,4.0
5960,3.0
5961,3.0
5962,4.0
5963,4.0
5964,4.0
5965,3.0
5966,3.0
5967,4.0
5968,4.0
5969,3.0
5970,3.0
5971,3.0
5972,4.0
5973,5.0
5974,3.0
5975,3.0
5976,3.0
5977,4.0
5978,4.0
5979,3.0
5980,2.0
5981,3.0
5982,3.0
5983,3.0
5984,3.0
5985,3.0
5986,3.0
5987,3.0
5988,3.0
5989,3.0
5990,4.0
5991,3.0
5992,3.0
5993,3.0
5994,4.0
5995,3.0
5996,3.0
5997,3.0
5998,2.0
5999,3.0
6000,3.0
6001,2.0
6002,3.0
6003,3.0
6004,3.0
6005,2.0
6006,2.0
6007,4.0
6008,3.0
6009,3.0
6010,3.0
6011,3.0
6012,3.0
6013,3.0
6014,4.0
6015,3.0
6016,4.0
6017,3.0
6018,3.0
6019,2.0
6020,2.0
6021,3.0
6022,3.0
6023,3.0
6024,3.0
6025,3.0
6026,4.0
6027,3.0
6028,3.0
6029,3.0
6030,3.0
6031,3.0
6032,2.0
6033,3.0
6034,3.0
6035,3.0
6036,3.0
6037,3.0
6038,3.0
6039,3.0
6040,3.0
6041,3.0
6042,3.0
6043,3.0
6044,2.0
6045,3.0
6046,3.0
6047,3.0
6048,3.0
6049,3.0
6050,3.0
6051,3.0
6052,2.0
6053,3.0
6054,3.0
6055,2.0
6056,3.0
6057,3.0
6058,3.0
6059,3.0
6060,2.0
6061,3.0
6062,3.0
6063,3.0
6064,3.0
6065,3.0
6066,3.0
6067,3.0
6068,4.0
6069,3.0
6070,3.0
6071,3.0
6072,3.0
6073,4.0
6074,3.0
6075,3.0
6076,3.0
6077,4.0
6078,2.0
6079,1.0
6080,1.0
6081,3.0
6082,2.0
6083,3.0
6084,2.0
6085,3.0
6086,1.0
6087,2.0
6088,2.0
6089,2.0
6090,3.0
6091,1.0
6092,3.0
6093,3.0
6094,5.0
6095,4.0
6096,3.0
6097,3.0
6098,3.0
6099,3.0
6100,4.0
6101,4.0
6102,3.0
6103,4.0
6104,3.0
6105,3.0
6106,3.0
6107,3.0
6108,3.0
6109,3.0
6110,3.0
6111,2.0
6112,4.0
6113,3.0
6114,3.0
6115,3.0
6116,4.0
6117,2.0
6118,2.0
6119,3.0
6120,4.0
6121,3.0
6122,2.0
6123,3.0
6124,3.0
6125,3.0
6126,3.0
6127,4.0
6128,2.0
6129,3.0
6130,3.0
6131,3.0
6132,3.0
6133,4.0
6134,3.0
6135,4.0
6136,2.0
6137,4.0
6138,3.0
6139,3.0
6140,3.0
6141,4.0
6142,3.0
6143,3.0
6144,3.0
6145,3.0
6146,4.0
6147,4.0
6148,3.0
6149,3.0
6150,3.0
6151,3.0
6152,3.0
6153,3.0
6154,3.0
6155,3.0
6156,4.0
6157,3.0
6158,3.0
6159,2.0
6160,3.0
6161,3.0
6162,3.0
6163,3.0
6164,3.0
6165,3.0
6166,3.0
6167,3.0
6168,3.0
6169,3.0
6170,3.0
6171,3.0
6172,3.0
6173,2.0
6174,3.0
6175,2.0
6176,1.0
6177,3.0
6178,3.0
6179,2.0
6180,2.0
6181,2.0
6182,2.0
6183,2.0
6184,2.0
6185,2.0
6186,1.0
6187,2.0
6188,2.0
6189,3.0
6190,4.0
6191,3.0
6192,4.0
6193,2.0
6194,3.0
6195,3.0
6196,3.0
6197,3.0
6198,3.0
6199,2.0
6200,3.0
6201,2.0
6202,4.0
6203,4.0
6204,4.0
6205,3.0
6206,2.0
6207,3.0
6208,3.0
6209,3.0
6210,4.0
6211,3.0
6212,3.0
6213,4.0
6214,2.0
6215,3.0
6216,3.0
6217,3.0
6218,3.0
6219,2.0
6220,2.0
6221,3.0
6222,3.0
6223,2.0
6224,1.0
6225,4.0
6226,3.0
6227,2.0
6228,3.0
6229,3.0
6230,3.0
6231,3.0
6232,4.0
6233,2.0
6234,3.0
6235,3.0
6236,3.0
6237,2.0
6238,3.0
6239,2.0
6240,3.0
6241,2.0
6242,3.0
6243,3.0
6244,3.0
6245,3.0
6246,3.0
6247,2.0
6248,4.0
6249,4.0
6250,3.0
6251,3.0
6252,3.0
6253,2.0
6254,4.0
6255,2.0
6256,2.0
6257,2.0
6258,1.0
6259,1.0
6260,2.0
6261,2.0
6262,2.0
6263,2.0
6264,3.0
6265,2.0
6266,2.0
6267,1.0
6268,2.0
6269,2.0
6270,2.0
6271,2.0
6272,1.0
6273,2.0
6274,3.0
6275,1.0
6276,3.0
6277,3.0
6278,2.0
6279,2.0
6280,2.0
6281,2.0
6282,3.0
6283,1.0
6284,2.0
6285,2.0
6286,2.0
6287,2.0
6288,1.0
6289,2.0
6290,2.0
6291,2.0
6292,2.0
6293,1.0
6294,3.0
6295,2.0
6296,2.0
6297,2.0
6298,2.0
6299,3.0
6300,1.0
6301,3.0
6302,1.0
6303,2.0
6304,3.0
6305,2.0
6306,2.0
6307,2.0
6308,2.0
6309,2.0
6310,2.0
6311,2.0
6312,2.0
6313,2.0
6314,2.0
6315,2.0
6316,1.0
6317,2.0
6318,2.0
6319,3.0
6320,3.0
6321,2.0
6322,2.0
6323,2.0
6324,1.0
6325,2.0
6326,3.0
6327,2.0
6328,3.0
6329,2.0
6330,2.0
6331,1.0
6332,3.0
6333,2.0
6334,3.0
6335,2.0
6336,2.0
6337,1.0
6338,2.0
6339,1.0
6340,2.0
6341,2.0
6342,3.0
6343,2.0
6344,2.0
6345,2.0
6346,2.0
6347,2.0
6348,2.0
6349,3.0
6350,2.0
6351,2.0
6352,1.0
6353,2.0
6354,2.0
6355,2.0
6356,2.0
6357,2.0
6358,2.0
6359,3.0
6360,2.0
6361,3.0
6362,3.0
6363,3.0
6364,3.0
6365,3.0
6366,2.0
6367,1.0
6368,2.0
6369,2.0
6370,3.0
6371,2.0
6372,2.0
6373,2.0
6374,2.0
6375,1.0
6376,2.0
6377,2.0
6378,3.0
6379,3.0
6380,1.0
6381,2.0
6382,2.0
6383,3.0
6384,1.0
6385,2.0
6386,2.0
6387,3.0
6388,2.0
6389,2.0
6390,3.0
6391,2.0
6392,2.0
6393,2.0
6394,3.0
6395,2.0
6396,2.0
6397,2.0
6398,2.0
6399,2.0
6400,1.0
6401,1.0
6402,2.0
6403,3.0
6404,2.0
6405,3.0
6406,2.0
6407,2.0
6408,2.0
6409,3.0
6410,4.0
6411,3.0
6412,4.0
6413,3.0
6414,2.0
6415,2.0
6416,2.0
6417,3.0
6418,3.0
6419,2.0
6420,3.0
6421,3.0
6422,3.0
6423,1.0
6424,3.0
6425,2.0
6426,2.0
6427,4.0
6428,4.0
6429,5.0
6430,4.0
6431,4.0
6432,5.0
6433,4.0
6434,4.0
6435,4.0
6436,4.0
6437,4.0
6438,4.0
6439,4.0
6440,4.0
6441,4.0
6442,4.0
6443,5.0
6444,2.0
6445,2.0
6446,3.0
6447,2.0
6448,3.0
6449,3.0
6450,4.0
6451,3.0
6452,2.0
6453,3.0
6454,4.0
6455,3.0
6456,3.0
6457,3.0
6458,3.0
6459,3.0
6460,2.0
6461,2.0
6462,1.0
6463,2.0
6464,1.0
6465,1.0
6466,1.0
6467,1.0
6468,2.0
6469,2.0
6470,3.0
6471,2.0
6472,3.0
6473,3.0
6474,3.0
6475,4.0
6476,2.0
6477,2.0
6478,2.0
6479,3.0
6480,3.0
6481,3.0
6482,2.0
6483,2.0
6484,3.0
6485,3.0
6486,3.0
6487,3.0
6488,2.0
6489,2.0
6490,4.0
6491,3.0
6492,4.0
6493,2.0
6494,2.0
6495,2.0
6496,4.0
6497,4.0
6498,3.0
6499,3.0
6500,3.0
6501,3.0
6502,3.0
6503,3.0
6504,2.0
6505,3.0
6506,2.0
6507,1.0
6508,1.0
6509,2.0
6510,1.0
6511,2.0
6512,2.0
6513,3.0
6514,2.0
6515,2.0
6516,2.0
6517,2.0
6518,2.0
6519,3.0
6520,3.0
6521,1.0
6522,3.0
6523,3.0
6524,3.0
6525,3.0
6526,3.0
6527,2.0
6528,3.0
6529,3.0
6530,2.0
6531,3.0
6532,3.0
6533,3.0
6534,3.0
6535,3.0
6536,3.0
6537,3.0
6538,3.0
6539,2.0
6540,2.0
6541,2.0
6542,2.0
6543,3.0
6544,3.0
6545,1.0
6546,2.0
6547,3.0
6548,2.0
6549,3.0
6550,3.0
6551,2.0
6552,3.0
6553,2.0
6554,1.0
6555,3.0
6556,3.0
6557,3.0
6558,2.0
6559,2.0
6560,3.0
6561,3.0
6562,3.0
6563,3.0
6564,2.0
6565,2.0
6566,3.0
6567,3.0
6568,1.0
6569,3.0
6570,2.0
6571,3.0
6572,3.0
6573,2.0
6574,3.0
6575,3.0
6576,3.0
6577,3.0
6578,3.0
6579,3.0
6580,3.0
6581,2.0
6582,2.0
6583,3.0
6584,1.0
6585,2.0
6586,2.0
6587,2.0
6588,2.0
6589,1.0
6590,2.0
6591,2.0
6592,2.0
6593,2.0
6594,2.0
6595,2.0
6596,2.0
6597,2.0
6598,2.0
6599,1.0
6600,3.0
6601,2.0
6602,3.0
6603,1.0
6604,2.0
6605,2.0
6606,1.0
6607,1.0
6608,2.0
6609,1.0
6610,1.0
6611,1.0
6612,1.0
6613,1.0
6614,2.0
6615,2.0
6616,1.0
6617,2.0
6618,2.0
6619,3.0
6620,3.0
6621,2.0
6622,2.0
6623,1.0
6624,2.0
6625,1.0
6626,2.0
6627,1.0
6628,2.0
6629,2.0
6630,2.0
6631,2.0
6632,3.0
6633,3.0
6634,3.0
6635,3.0
6636,2.0
6637,2.0
6638,2.0
6639,2.0
6640,2.0
6641,2.0
6642,2.0
6643,2.0
6644,2.0
6645,2.0
6646,2.0
6647,2.0
6648,2.0
6649,2.0
6650,3.0
6651,2.0
6652,2.0
6653,2.0
6654,3.0
6655,2.0
6656,3.0
6657,2.0
6658,4.0
6659,3.0
6660,4.0
6661,3.0
6662,2.0
6663,3.0
6664,3.0
6665,1.0
6666,3.0
6667,4.0
6668,3.0
6669,3.0
6670,3.0
6671,3.0
6672,4.0
6673,2.0
6674,3.0
6675,2.0
6676,3.0
6677,3.0
6678,3.0
6679,4.0
6680,3.0
6681,3.0
6682,2.0
6683,3.0
6684,3.0
6685,3.0
6686,3.0
6687,3.0
6688,2.0
6689,3.0
6690,2.0
6691,3.0
6692,4.0
6693,3.0
6694,4.0
6695,4.0
6696,4.0
6697,4.0
6698,3.0
6699,3.0
6700,3.0
6701,3.0
6702,3.0
6703,3.0
6704,4.0
6705,3.0
6706,3.0
6707,5.0
6708,4.0
6709,4.0
6710,4.0
6711,4.0
6712,4.0
6713,4.0
6714,4.0
6715,4.0
6716,4.0
6717,4.0
6718,4.0
6719,4.0
6720,4.0
6721,3.0
6722,3.0
6723,3.0
6724,3.0
6725,3.0
6726,3.0
6727,3.0
6728,3.0
6729,3.0
6730,3.0
6731,4.0
6732,2.0
6733,3.0
6734,3.0
6735,3.0
6736,3.0
6737,2.0
6738,3.0
6739,3.0
6740,3.0
6741,3.0
6742,4.0
6743,2.0
6744,2.0
6745,2.0
6746,2.0
6747,2.0
6748,2.0
6749,2.0
6750,1.0
6751,1.0
6752,1.0
6753,2.0
6754,2.0
6755,1.0
6756,2.0
6757,2.0
6758,3.0
6759,3.0
6760,3.0
6761,3.0
6762,3.0
6763,3.0
6764,3.0
6765,4.0
6766,3.0
6767,2.0
6768,3.0
6769,3.0
6770,3.0
6771,2.0
6772,3.0
6773,3.0
6774,3.0
6775,3.0
6776,2.0
6777,2.0
6778,4.0
6779,4.0
6780,3.0
6781,3.0
6782,4.0
6783,3.0
6784,3.0
6785,3.0
6786,3.0
6787,3.0
6788,5.0
6789,4.0
6790,4.0
6791,2.0
6792,2.0
6793,2.0
6794,3.0
6795,3.0
6796,2.0
6797,2.0
6798,2.0
6799,1.0
6800,1.0
6801,2.0
6802,2.0
6803,3.0
6804,3.0
6805,4.0
6806,3.0
6807,3.0
6808,4.0
6809,3.0
6810,2.0
6811,2.0
6812,3.0
6813,2.0
6814,3.0
6815,4.0
6816,3.0
6817,3.0
6818,4.0
6819,3.0
6820,2.0
6821,3.0
6822,3.0
6823,3.0
6824,4.0
6825,3.0
6826,3.0
6827,3.0
6828,2.0
6829,3.0
6830,3.0
6831,4.0
6832,4.0
6833,3.0
6834,4.0
6835,3.0
6836,3.0
6837,3.0
6838,2.0
6839,2.0
6840,2.0
6841,3.0
6842,2.0
6843,3.0
6844,3.0
6845,3.0
6846,3.0
6847,1.0
6848,2.0
6849,2.0
6850,3.0
6851,2.0
6852,2.0
6853,4.0
6854,3.0
6855,3.0
6856,4.0
6857,3.0
6858,4.0
6859,4.0
6860,4.0
6861,4.0
6862,4.0
6863,4.0
6864,3.0
6865,3.0
6866,2.0
6867,2.0
6868,3.0
6869,3.0
6870,4.0
6871,3.0
6872,3.0
6873,3.0
6874,4.0
6875,3.0
6876,4.0
6877,3.0
6878,2.0
6879,3.0
6880,3.0
6881,3.0
6882,5.0
6883,3.0
6884,3.0
6885,2.0
6886,3.0
6887,3.0
6888,4.0
6889,3.0
6890,2.0
6891,3.0
6892,3.0
6893,2.0
6894,2.0
6895,3.0
6896,3.0
6897,2.0
6898,3.0
6899,3.0
6900,3.0
6901,3.0
6902,3.0
6903,3.0
6904,3.0
6905,3.0
6906,3.0
6907,3.0
6908,3.0
6909,3.0
6910,3.0
6911,3.0
6912,3.0
6913,3.0
6914,3.0
6915,3.0
6916,3.0
6917,3.0
6918,4.0
6919,4.0
6920,3.0
6921,3.0
6922,3.0
6923,3.0
6924,3.0
6925,2.0
6926,3.0
6927,4.0
6928,2.0
6929,3.0
6930,4.0
6931,3.0
6932,3.0
6933,3.0
6934,3.0
6935,3.0
6936,3.0
6937,3.0
6938,3.0
6939,3.0
6940,3.0
6941,2.0
6942,3.0
6943,3.0
6944,3.0
6945,3.0
6946,3.0
6947,2.0
6948,3.0
6949,3.0
6950,2.0
6951,2.0
6952,1.0
6953,2.0
6954,2.0
6955,3.0
6956,2.0
6957,2.0
6958,2.0
6959,3.0
6960,2.0
6961,2.0
6962,2.0
6963,2.0
6964,2.0
6965,2.0
6966,2.0
6967,2.0
6968,2.0
6969,2.0
6970,3.0
6971,3.0
6972,2.0
6973,2.0
6974,3.0
6975,1.0
6976,2.0
6977,2.0
6978,2.0
6979,2.0
6980,2.0
6981,2.0
6982,2.0
6983,1.0
6984,2.0
6985,1.0
6986,2.0
6987,3.0
6988,2.0
6989,2.0
6990,2.0
6991,2.0
6992,3.0
6993,3.0
6994,2.0
6995,2.0
6996,2.0
6997,2.0
6998,2.0
6999,2.0
7000,2.0
7001,1.0
7002,2.0
7003,2.0
7004,3.0
7005,2.0
7006,2.0
7007,2.0
7008,2.0
7009,2.0
7010,2.0
7011,2.0
7012,2.0
7013,1.0
7014,2.0
7015,2.0
7016,2.0
7017,2.0
7018,2.0
7019,2.0
7020,2.0
7021,2.0
7022,1.0
7023,1.0
7024,3.0
7025,3.0
7026,4.0
7027,4.0
7028,4.0
7029,4.0
7030,4.0
7031,4.0
7032,4.0
7033,3.0
7034,3.0
7035,3.0
7036,3.0
7037,3.0
7038,3.0
7039,3.0
7040,3.0
7041,3.0
7042,4.0
7043,3.0
7044,3.0
7045,3.0
7046,3.0
7047,4.0
7048,4.0
7049,3.0
7050,3.0
7051,4.0
7052,4.0
7053,3.0
7054,4.0
7055,3.0
7056,3.0
7057,3.0
7058,3.0
7059,3.0
7060,3.0
7061,4.0
7062,3.0
7063,4.0
7064,3.0
7065,4.0
7066,4.0
7067,3.0
7068,3.0
7069,3.0
7070,3.0
7071,3.0
7072,3.0
7073,3.0
7074,4.0
7075,4.0
7076,3.0
7077,3.0
7078,3.0
7079,2.0
7080,2.0
7081,3.0
7082,2.0
7083,2.0
7084,3.0
7085,4.0
7086,3.0
7087,3.0
7088,3.0
7089,3.0
7090,3.0
7091,4.0
7092,3.0
7093,4.0
7094,3.0
7095,3.0
7096,3.0
7097,3.0
7098,4.0
7099,4.0
7100,4.0
7101,4.0
7102,4.0
7103,4.0
7104,4.0
7105,5.0
7106,4.0
7107,5.0
7108,5.0
7109,5.0
7110,5.0
7111,4.0
7112,4.0
7113,4.0
7114,4.0
7115,3.0
7116,3.0
7117,3.0
7118,3.0
7119,3.0
7120,4.0
7121,4.0
7122,2.0
7123,2.0
7124,3.0
7125,3.0
7126,3.0
7127,4.0
7128,3.0
7129,3.0
7130,3.0
7131,3.0
7132,2.0
7133,4.0
7134,3.0
7135,3.0
7136,3.0
7137,3.0
7138,3.0
7139,4.0
7140,4.0
7141,2.0
7142,3.0
7143,4.0
7144,3.0
7145,2.0
7146,4.0
7147,3.0
7148,3.0
7149,3.0
7150,3.0
7151,4.0
7152,3.0
7153,3.0
7154,3.0
7155,3.0
7156,3.0
7157,4.0
7158,2.0
7159,2.0
7160,3.0
7161,3.0
7162,3.0
7163,3.0
7164,3.0
7165,3.0
7166,3.0
7167,3.0
7168,3.0
7169,2.0
7170,2.0
7171,3.0
7172,3.0
7173,3.0
7174,3.0
7175,3.0
7176,3.0
7177,3.0
7178,3.0
7179,3.0
7180,4.0
7181,3.0
7182,2.0
7183,2.0
7184,3.0
7185,3.0
7186,3.0
7187,2.0
7188,3.0
7189,3.0
7190,3.0
7191,2.0
7192,3.0
7193,2.0
7194,3.0
7195,3.0
7196,2.0
7197,3.0
7198,3.0
7199,3.0
7200,4.0
7201,3.0
7202,3.0
7203,3.0
7204,3.0
7205,2.0
7206,2.0
7207,2.0
7208,2.0
7209,2.0
7210,2.0
7211,2.0
7212,2.0
7213,3.0
7214,3.0
7215,3.0
7216,2.0
7217,3.0
7218,2.0
7219,2.0
7220,3.0
7221,2.0
7222,2.0
7223,2.0
7224,2.0
7225,3.0
7226,3.0
7227,3.0
7228,2.0
7229,3.0
7230,3.0
7231,2.0
7232,2.0
7233,2.0
7234,2.0
7235,3.0
7236,3.0
7237,3.0
7238,3.0
7239,3.0
7240,4.0
7241,3.0
7242,4.0
7243,4.0
7244,3.0
7245,3.0
7246,2.0
7247,1.0
7248,2.0
7249,2.0
7250,2.0
7251,2.0
7252,2.0
7253,2.0
7254,2.0
7255,2.0
7256,2.0
7257,3.0
7258,2.0
7259,3.0
7260,2.0
7261,2.0
7262,2.0
7263,2.0
7264,3.0
7265,2.0
7266,2.0
7267,1.0
7268,2.0
7269,2.0
7270,2.0
7271,3.0
7272,2.0
7273,2.0
7274,2.0
7275,2.0
7276,2.0
7277,2.0
7278,2.0
7279,2.0
7280,2.0
7281,2.0
7282,2.0
7283,2.0
7284,2.0
7285,1.0
7286,3.0
7287,1.0
7288,2.0
7289,2.0
7290,2.0
7291,2.0
7292,2.0
7293,2.0
7294,2.0
7295,3.0
7296,2.0
7297,2.0
7298,1.0
7299,3.0
7300,2.0
7301,1.0
7302,2.0
7303,2.0
7304,2.0
7305,2.0
7306,2.0
7307,2.0
7308,3.0
7309,2.0
7310,2.0
7311,2.0
7312,2.0
7313,2.0
7314,2.0
7315,2.0
7316,1.0
7317,2.0
7318,2.0
7319,1.0
7320,2.0
7321,3.0
7322,3.0
7323,2.0
7324,2.0
7325,2.0
7326,2.0
7327,1.0
7328,2.0
7329,2.0
7330,1.0
7331,2.0
7332,2.0
7333,1.0
7334,2.0
7335,3.0
7336,2.0
7337,2.0
7338,2.0
7339,2.0
7340,2.0
7341,2.0
7342,2.0
7343,2.0
7344,2.0
7345,2.0
7346,3.0
7347,2.0
7348,1.0
7349,2.0
7350,1.0
7351,3.0
7352,2.0
7353,2.0
7354,2.0
7355,2.0
7356,4.0
7357,3.0
7358,3.0
7359,3.0
7360,2.0
7361,2.0
7362,2.0
7363,2.0
7364,3.0
7365,2.0
7366,2.0
7367,3.0
7368,3.0
7369,3.0
7370,3.0
7371,2.0
7372,2.0
7373,3.0
7374,3.0
7375,3.0
7376,3.0
7377,3.0
7378,3.0
7379,3.0
7380,3.0
7381,3.0
7382,3.0
7383,2.0
7384,3.0
7385,3.0
7386,3.0
7387,3.0
7388,4.0
7389,4.0
7390,3.0
7391,3.0
7392,2.0
7393,3.0
7394,4.0
7395,2.0
7396,3.0
7397,3.0
7398,3.0
7399,3.0
7400,2.0
7401,3.0
7402,4.0
7403,3.0
7404,4.0
7405,3.0
7406,3.0
7407,2.0
7408,3.0
7409,2.0
7410,1.0
7411,2.0
7412,2.0
7413,2.0
7414,2.0
7415,2.0
7416,2.0
7417,2.0
7418,3.0
7419,1.0
7420,2.0
7421,3.0
7422,3.0
7423,3.0
7424,3.0
7425,3.0
7426,2.0
7427,3.0
7428,3.0
7429,3.0
7430,4.0
7431,3.0
7432,3.0
7433,3.0
7434,1.0
7435,3.0
7436,2.0
7437,3.0
7438,3.0
7439,3.0
7440,3.0
7441,1.0
7442,2.0
7443,2.0
7444,2.0
7445,1.0
7446,3.0
7447,2.0
7448,3.0
7449,3.0
7450,3.0
7451,3.0
7452,3.0
7453,3.0
7454,3.0
7455,2.0
7456,3.0
7457,4.0
7458,3.0
7459,3.0
7460,4.0
7461,3.0
7462,2.0
7463,3.0
7464,2.0
7465,2.0
7466,2.0
7467,2.0
7468,2.0
7469,3.0
7470,2.0
7471,2.0
7472,3.0
7473,2.0
7474,2.0
7475,2.0
7476,2.0
7477,1.0
7478,2.0
7479,1.0
7480,2.0
7481,3.0
7482,2.0
7483,2.0
7484,1.0
7485,2.0
7486,2.0
7487,2.0
7488,2.0
7489,2.0
7490,1.0
7491,2.0
7492,2.0
7493,3.0
7494,2.0
7495,2.0
7496,2.0
7497,2.0
7498,2.0
7499,3.0
7500,1.0
7501,2.0
7502,3.0
7503,2.0
7504,2.0
7505,3.0
7506,2.0
7507,2.0
7508,2.0
7509,1.0
7510,3.0
7511,3.0
7512,2.0
7513,3.0
7514,2.0
7515,2.0
7516,2.0
7517,2.0
7518,3.0
7519,3.0
7520,3.0
7521,3.0
7522,3.0
7523,3.0
7524,2.0
7525,2.0
7526,2.0
7527,2.0
7528,2.0
7529,2.0
7530,2.0
7531,2.0
7532,2.0
7533,2.0
7534,2.0
7535,2.0
7536,2.0
7537,1.0
7538,3.0
7539,1.0
7540,2.0
7541,2.0
7542,2.0
7543,2.0
7544,2.0
7545,1.0
7546,2.0
7547,4.0
7548,3.0
7549,3.0
7550,4.0
7551,2.0
7552,3.0
7553,1.0
7554,2.0
7555,1.0
7556,2.0
7557,2.0
7558,2.0
7559,4.0
7560,2.0
7561,3.0
7562,4.0
7563,3.0
7564,3.0
7565,3.0
7566,3.0
7567,3.0
7568,3.0
7569,2.0
7570,3.0
7571,3.0
7572,1.0
7573,1.0
7574,2.0
7575,2.0
7576,2.0
7577,1.0
7578,3.0
7579,3.0
7580,2.0
7581,2.0
7582,2.0
7583,2.0
7584,2.0
7585,2.0
7586,2.0
7587,2.0
7588,1.0
7589,2.0
7590,2.0
7591,2.0
7592,2.0
7593,2.0
7594,2.0
7595,2.0
7596,2.0
7597,2.0
7598,2.0
7599,2.0
7600,2.0
7601,2.0
7602,2.0
7603,2.0
7604,2.0
7605,1.0
7606,2.0
7607,3.0
7608,2.0
7609,2.0
7610,2.0
7611,2.0
7612,2.0
7613,1.0
7614,1.0
7615,2.0
7616,2.0
7617,2.0
7618,2.0
7619,2.0
7620,3.0
7621,2.0
7622,2.0
7623,1.0
7624,2.0
7625,3.0
7626,2.0
7627,2.0
7628,1.0
7629,2.0
7630,2.0
7631,3.0
7632,2.0
7633,1.0
7634,2.0
7635,2.0
7636,2.0
7637,2.0
7638,2.0
7639,2.0
7640,1.0
7641,2.0
7642,1.0
7643,2.0
7644,2.0
7645,2.0
7646,2.0
7647,1.0
7648,2.0
7649,2.0
7650,2.0
7651,1.0
7652,2.0
7653,2.0
7654,3.0
7655,2.0
7656,2.0
7657,2.0
7658,2.0
7659,2.0
7660,1.0
7661,2.0
7662,2.0
7663,2.0
7664,3.0
7665,3.0
7666,2.0
7667,2.0
7668,1.0
7669,1.0
7670,2.0
7671,2.0
7672,1.0
7673,2.0
7674,2.0
7675,2.0
7676,2.0
7677,1.0
7678,3.0
7679,1.0
7680,2.0
7681,2.0
7682,1.0
7683,1.0
7684,3.0
7685,2.0
7686,2.0
7687,2.0
7688,2.0
7689,3.0
7690,2.0
7691,3.0
7692,3.0
7693,3.0
7694,3.0
7695,3.0
7696,4.0
7697,3.0
7698,3.0
7699,3.0
7700,3.0
7701,3.0
7702,3.0
7703,2.0
7704,2.0
7705,2.0
7706,2.0
7707,2.0
7708,2.0
7709,2.0
7710,4.0
7711,3.0
7712,3.0
7713,2.0
7714,3.0
7715,2.0
7716,2.0
7717,2.0
7718,3.0
7719,2.0
7720,2.0
7721,3.0
7722,2.0
7723,2.0
7724,2.0
7725,2.0
7726,1.0
7727,2.0
7728,2.0
7729,2.0
7730,2.0
7731,2.0
7732,2.0
7733,2.0
7734,2.0
7735,2.0
7736,2.0
7737,2.0
7738,4.0
7739,3.0
7740,3.0
7741,2.0
7742,2.0
7743,1.0
7744,1.0
7745,1.0
7746,1.0
7747,2.0
7748,2.0
7749,2.0
7750,2.0
7751,2.0
7752,2.0
7753,1.0
7754,3.0
7755,2.0
7756,2.0
7757,1.0
7758,3.0
7759,1.0
7760,3.0
7761,3.0
7762,2.0
7763,2.0
7764,2.0
7765,2.0
7766,2.0
7767,1.0
7768,1.0
7769,2.0
7770,1.0
7771,2.0
7772,3.0
7773,2.0
7774,2.0
7775,2.0
7776,2.0
7777,2.0
7778,2.0
7779,2.0
7780,2.0
7781,1.0
7782,2.0
7783,2.0
7784,2.0
7785,2.0
7786,3.0
7787,3.0
7788,3.0
7789,3.0
7790,2.0
7791,1.0
7792,1.0
7793,1.0
7794,1.0
7795,1.0
7796,2.0
7797,1.0
7798,3.0
7799,1.0
7800,2.0
7801,1.0
7802,2.0
7803,2.0
7804,1.0
7805,2.0
7806,3.0
7807,3.0
7808,2.0
7809,3.0
7810,3.0
7811,3.0
7812,3.0
7813,2.0
7814,2.0
7815,2.0
7816,2.0
7817,3.0
7818,2.0
7819,2.0
7820,2.0
7821,2.0
7822,2.0
7823,2.0
7824,2.0
7825,3.0
7826,2.0
7827,2.0
7828,1.0
7829,2.0
7830,2.0
7831,2.0
7832,1.0
7833,3.0
7834,3.0
7835,3.0
7836,3.0
7837,3.0
7838,3.0
7839,2.0
7840,1.0
7841,3.0
7842,3.0
7843,3.0
7844,3.0
7845,4.0
7846,3.0
7847,3.0
7848,3.0
7849,3.0
7850,3.0
7851,3.0
7852,3.0
7853,4.0
7854,3.0
7855,3.0
7856,3.0
7857,3.0
7858,3.0
7859,3.0
7860,2.0
7861,3.0
7862,4.0
7863,3.0
7864,2.0
7865,3.0
7866,3.0
7867,3.0
7868,3.0
7869,3.0
7870,2.0
7871,3.0
7872,2.0
7873,3.0
7874,3.0
7875,3.0
7876,3.0
7877,3.0
7878,3.0
7879,2.0
7880,3.0
7881,2.0
7882,4.0
7883,4.0
7884,5.0
7885,4.0
7886,5.0
7887,4.0
7888,4.0
7889,3.0
7890,4.0
7891,3.0
7892,4.0
7893,4.0
7894,3.0
7895,3.0
7896,3.0
7897,4.0
7898,3.0
7899,3.0
7900,5.0
7901,4.0
7902,5.0
7903,4.0
7904,4.0
7905,5.0
7906,4.0
7907,4.0
7908,5.0
7909,4.0
7910,3.0
7911,4.0
7912,3.0
7913,3.0
7914,3.0
7915,2.0
7916,4.0
7917,3.0
7918,3.0
7919,2.0
7920,3.0
7921,2.0
7922,3.0
7923,2.0
7924,4.0
7925,4.0
7926,4.0
7927,4.0
7928,4.0
7929,4.0
7930,3.0
7931,5.0
7932,3.0
7933,4.0
7934,4.0
7935,4.0
7936,3.0
7937,4.0
7938,4.0
7939,3.0
7940,4.0
7941,4.0
7942,4.0
7943,3.0
7944,3.0
7945,3.0
7946,3.0
7947,3.0
7948,3.0
7949,4.0
7950,4.0
7951,3.0
7952,3.0
7953,3.0
7954,3.0
7955,3.0
7956,3.0
7957,3.0
7958,2.0
7959,3.0
7960,2.0
7961,3.0
7962,2.0
7963,3.0
7964,4.0
7965,2.0
7966,1.0
7967,3.0
7968,2.0
7969,2.0
7970,2.0
7971,2.0
7972,3.0
7973,2.0
7974,2.0
7975,2.0
7976,2.0
7977,2.0
7978,2.0
7979,1.0
7980,2.0
7981,3.0
7982,3.0
7983,2.0
7984,2.0
7985,2.0
7986,2.0
7987,2.0
7988,2.0
7989,2.0
7990,3.0
7991,2.0
7992,2.0
7993,1.0
7994,1.0
7995,2.0
7996,2.0
7997,2.0
7998,2.0
7999,2.0
